[K
nsh>
===== COMMAND: velafit_ai camera_input dump =====
velafit_ai camera_input dump
[VELAFIT-CAMERA] capture=SC2336 mode=1280x720 format=RAW10 bayer=BGGR
Initializing ESP32-P4 MIPI CSI controller (720p: 1280x720, 2 lanes, 480 Mbps)...
SC2336 soft-reset: writing reg 0x0103 = 0x01...
SC2336 soft-reset PASS, chip_id=0xcb3a restored
SC2336 init mode: 720p...
SC2336 init table written successfully (165 registers)
SC2336 readback verification (720p):
  CLK_CTRL (0x3106)   = 0x05 (expected 0x05)
  ANA_INIT_1 (0x36e9) = 0x53 (expected 0x53)
  ANA_INIT_2 (0x37f9) = 0x53 (expected 0x53)
  VTS      (0x320e/f) = 1500
SC2336 register verification PASS
SC2336 stream control: setting 0x0100 = 0x01 (STREAM_ON)...
SC2336 STREAM_ON PASS (target=0x01, I2C ACK OK)
SC2336 stream control: setting 0x0100 = 0x00 (STREAM_OFF)...
SC2336 STREAM_OFF PASS (target=0x00, I2C ACK OK)
[VELAFIT-CAMERA] capture PASS raw_crc32=76a1923f capture_us=100000 guard=PASS
[VELAFIT-CAMERA] convert PASS rgb_crc32=a6cf224e convert_us=40000 content=192x108+0+42 linear_mean_rgb=57,86,53 mean_rgb=193,193,194 wb_q8=924,541,1024
[VELAFIT-CAMERA] PPM PASS path=/tmp/velafit-camera.ppm bytes=110607
VELAFIT_CAMERA_PPM_BASE64_BEGIN
UDYKMTkyIDE5MgoyNTUKAAAAAAAAAAAAAAAAAAAAAAAAAAAAAAAAAAAAAAAAAAAAAAAAAAAAAAAA
AAAAAAAAAAAAAAAAAAAAAAAAAAAAAAAAAAAAAAAAAAAAAAAAAAAAAAAAAAAAAAAAAAAAAAAAAAAA
AAAAAAAAAAAAAAAAAAAAAAAAAAAAAAAAAAAAAAAAAAAAAAAAAAAAAAAAAAAAAAAAAAAAAAAAAAAA
AAAAAAAAAAAAAAAAAAAAAAAAAAAAAAAAAAAAAAAAAAAAAAAAAAAAAAAAAAAAAAAAAAAAAAAAAAAA
AAAAAAAAAAAAAAAAAAAAAAAAAAAAAAAAAAAAAAAAAAAAAAAAAAAAAAAAAAAAAAAAAAAAAAAAAAAA
AAAAAAAAAAAAAAAAAAAAAAAAAAAAAAAAAAAAAAAAAAAAAAAAAAAAAAAAAAAAAAAAAAAAAAAAAAAA
AAAAAAAAAAAAAAAAAAAAAAAAAAAAAAAAAAAAAAAAAAAAAAAAAAAAAAAAAAAAAAAAAAAAAAAAAAAA
AAAAAAAAAAAAAAAAAAAAAAAAAAAAAAAAAAAAAAAAAAAAAAAAAAAAAAAAAAAAAAAAAAAAAAAAAAAA
AAAAAAAAAAAAAAAAAAAAAAAAAAAAAAAAAAAAAAAAAAAAAAAAAAAAAAAAAAAAAAAAAAAAAAAAAAAA
AAAAAAAAAAAAAAAAAAAAAAAAAAAAAAAAAAAAAAAAAAAAAAAAAAAAAAAAAAAAAAAAAAAAAAAAAAAA
AAAAAAAAAAAAAAAAAAAAAAAAAAAAAAAAAAAAAAAAAAAAAAAAAAAAAAAAAAAAAAAAAAAAAAAAAAAA
AAAAAAAAAAAAAAAAAAAAAAAAAAAAAAAAAAAAAAAAAAAAAAAAAAAAAAAAAAAAAAAAAAAAAAAAAAAA
AAAAAAAAAAAAAAAAAAAAAAAAAAAAAAAAAAAAAAAAAAAAAAAAAAAAAAAAAAAAAAAAAAAAAAAAAAAA
AAAAAAAAAAAAAAAAAAAAAAAAAAAAAAAAAAAAAAAAAAAAAAAAAAAAAAAAAAAAAAAAAAAAAAAAAAAA
AAAAAAAAAAAAAAAAAAAAAAAAAAAAAAAAAAAAAAAAAAAAAAAAAAAAAAAAAAAAAAAAAAAAAAAAAAAA
AAAAAAAAAAAAAAAAAAAAAAAAAAAAAAAAAAAAAAAAAAAAAAAAAAAAAAAAAAAAAAAAAAAAAAAAAAAA
AAAAAAAAAAAAAAAAAAAAAAAAAAAAAAAAAAAAAAAAAAAAAAAAAAAAAAAAAAAAAAAAAAAAAAAAAAAA
AAAAAAAAAAAAAAAAAAAAAAAAAAAAAAAAAAAAAAAAAAAAAAAAAAAAAAAAAAAAAAAAAAAAAAAAAAAA
AAAAAAAAAAAAAAAAAAAAAAAAAAAAAAAAAAAAAAAAAAAAAAAAAAAAAAAAAAAAAAAAAAAAAAAAAAAA
AAAAAAAAAAAAAAAAAAAAAAAAAAAAAAAAAAAAAAAAAAAAAAAAAAAAAAAAAAAAAAAAAAAAAAAAAAAA
AAAAAAAAAAAAAAAAAAAAAAAAAAAAAAAAAAAAAAAAAAAAAAAAAAAAAAAAAAAAAAAAAAAAAAAAAAAA
AAAAAAAAAAAAAAAAAAAAAAAAAAAAAAAAAAAAAAAAAAAAAAAAAAAAAAAAAAAAAAAAAAAAAAAAAAAA
AAAAAAAAAAAAAAAAAAAAAAAAAAAAAAAAAAAAAAAAAAAAAAAAAAAAAAAAAAAAAAAAAAAAAAAAAAAA
AAAAAAAAAAAAAAAAAAAAAAAAAAAAAAAAAAAAAAAAAAAAAAAAAAAAAAAAAAAAAAAAAAAAAAAAAAAA
AAAAAAAAAAAAAAAAAAAAAAAAAAAAAAAAAAAAAAAAAAAAAAAAAAAAAAAAAAAAAAAAAAAAAAAAAAAA
AAAAAAAAAAAAAAAAAAAAAAAAAAAAAAAAAAAAAAAAAAAAAAAAAAAAAAAAAAAAAAAAAAAAAAAAAAAA
AAAAAAAAAAAAAAAAAAAAAAAAAAAAAAAAAAAAAAAAAAAAAAAAAAAAAAAAAAAAAAAAAAAAAAAAAAAA
AAAAAAAAAAAAAAAAAAAAAAAAAAAAAAAAAAAAAAAAAAAAAAAAAAAAAAAAAAAAAAAAAAAAAAAAAAAA
AAAAAAAAAAAAAAAAAAAAAAAAAAAAAAAAAAAAAAAAAAAAAAAAAAAAAAAAAAAAAAAAAAAAAAAAAAAA
AAAAAAAAAAAAAAAAAAAAAAAAAAAAAAAAAAAAAAAAAAAAAAAAAAAAAAAAAAAAAAAAAAAAAAAAAAAA
AAAAAAAAAAAAAAAAAAAAAAAAAAAAAAAAAAAAAAAAAAAAAAAAAAAAAAAAAAAAAAAAAAAAAAAAAAAA
AAAAAAAAAAAAAAAAAAAAAAAAAAAAAAAAAAAAAAAAAAAAAAAAAAAAAAAAAAAAAAAAAAAAAAAAAAAA
AAAAAAAAAAAAAAAAAAAAAAAAAAAAAAAAAAAAAAAAAAAAAAAAAAAAAAAAAAAAAAAAAAAAAAAAAAAA
AAAAAAAAAAAAAAAAAAAAAAAAAAAAAAAAAAAAAAAAAAAAAAAAAAAAAAAAAAAAAAAAAAAAAAAAAAAA
AAAAAAAAAAAAAAAAAAAAAAAAAAAAAAAAAAAAAAAAAAAAAAAAAAAAAAAAAAAAAAAAAAAAAAAAAAAA
AAAAAAAAAAAAAAAAAAAAAAAAAAAAAAAAAAAAAAAAAAAAAAAAAAAAAAAAAAAAAAAAAAAAAAAAAAAA
AAAAAAAAAAAAAAAAAAAAAAAAAAAAAAAAAAAAAAAAAAAAAAAAAAAAAAAAAAAAAAAAAAAAAAAAAAAA
AAAAAAAAAAAAAAAAAAAAAAAAAAAAAAAAAAAAAAAAAAAAAAAAAAAAAAAAAAAAAAAAAAAAAAAAAAAA
AAAAAAAAAAAAAAAAAAAAAAAAAAAAAAAAAAAAAAAAAAAAAAAAAAAAAAAAAAAAAAAAAAAAAAAAAAAA
AAAAAAAAAAAAAAAAAAAAAAAAAAAAAAAAAAAAAAAAAAAAAAAAAAAAAAAAAAAAAAAAAAAAAAAAAAAA
AAAAAAAAAAAAAAAAAAAAAAAAAAAAAAAAAAAAAAAAAAAAAAAAAAAAAAAAAAAAAAAAAAAAAAAAAAAA
AAAAAAAAAAAAAAAAAAAAAAAAAAAAAAAAAAAAAAAAAAAAAAAAAAAAAAAAAAAAAAAAAAAAAAAAAAAA
AAAAAAAAAAAAAAAAAAAAAAAAAAAAAAAAAAAAAAAAAAAAAAAAAAAAAAAAAAAAAAAAAAAAAAAAAAAA
AAAAAAAAAAAAAAAAAAAAAAAAAAAAAAAAAAAAAAAAAAAAAAAAAAAAAAAAAAAAAAAAAAAAAAAAAAAA
AAAAAAAAAAAAAAAAAAAAAAAAAAAAAAAAAAAAAAAAAAAAAAAAAAAAAAAAAAAAAAAAAAAAAAAAAAAA
AAAAAAAAAAAAAAAAAAAAAAAAAAAAAAAAAAAAAAAAAAAAAAAAAAAAAAAAAAAAAAAAAAAAAAAAAAAA
AAAAAAAAAAAAAAAAAAAAAAAAAAAAAAAAAAAAAAAAAAAAAAAAAAAAAAAAAAAAAAAAAAAAAAAAAAAA
AAAAAAAAAAAAAAAAAAAAAAAAAAAAAAAAAAAAAAAAAAAAAAAAAAAAAAAAAAAAAAAAAAAAAAAAAAAA
AAAAAAAAAAAAAAAAAAAAAAAAAAAAAAAAAAAAAAAAAAAAAAAAAAAAAAAAAAAAAAAAAAAAAAAAAAAA
AAAAAAAAAAAAAAAAAAAAAAAAAAAAAAAAAAAAAAAAAAAAAAAAAAAAAAAAAAAAAAAAAAAAAAAAAAAA
AAAAAAAAAAAAAAAAAAAAAAAAAAAAAAAAAAAAAAAAAAAAAAAAAAAAAAAAAAAAAAAAAAAAAAAAAAAA
AAAAAAAAAAAAAAAAAAAAAAAAAAAAAAAAAAAAAAAAAAAAAAAAAAAAAAAAAAAAAAAAAAAAAAAAAAAA
AAAAAAAAAAAAAAAAAAAAAAAAAAAAAAAAAAAAAAAAAAAAAAAAAAAAAAAAAAAAAAAAAAAAAAAAAAAA
AAAAAAAAAAAAAAAAAAAAAAAAAAAAAAAAAAAAAAAAAAAAAAAAAAAAAAAAAAAAAAAAAAAAAAAAAAAA
AAAAAAAAAAAAAAAAAAAAAAAAAAAAAAAAAAAAAAAAAAAAAAAAAAAAAAAAAAAAAAAAAAAAAAAAAAAA
AAAAAAAAAAAAAAAAAAAAAAAAAAAAAAAAAAAAAAAAAAAAAAAAAAAAAAAAAAAAAAAAAAAAAAAAAAAA
AAAAAAAAAAAAAAAAAAAAAAAAAAAAAAAAAAAAAAAAAAAAAAAAAAAAAAAAAAAAAAAAAAAAAAAAAAAA
AAAAAAAAAAAAAAAAAAAAAAAAAAAAAAAAAAAAAAAAAAAAAAAAAAAAAAAAAAAAAAAAAAAAAAAAAAAA
AAAAAAAAAAAAAAAAAAAAAAAAAAAAAAAAAAAAAAAAAAAAAAAAAAAAAAAAAAAAAAAAAAAAAAAAAAAA
AAAAAAAAAAAAAAAAAAAAAAAAAAAAAAAAAAAAAAAAAAAAAAAAAAAAAAAAAAAAAAAAAAAAAAAAAAAA
AAAAAAAAAAAAAAAAAAAAAAAAAAAAAAAAAAAAAAAAAAAAAAAAAAAAAAAAAAAAAAAAAAAAAAAAAAAA
AAAAAAAAAAAAAAAAAAAAAAAAAAAAAAAAAAAAAAAAAAAAAAAAAAAAAAAAAAAAAAAAAAAAAAAAAAAA
AAAAAAAAAAAAAAAAAAAAAAAAAAAAAAAAAAAAAAAAAAAAAAAAAAAAAAAAAAAAAAAAAAAAAAAAAAAA
AAAAAAAAAAAAAAAAAAAAAAAAAAAAAAAAAAAAAAAAAAAAAAAAAAAAAAAAAAAAAAAAAAAAAAAAAAAA
AAAAAAAAAAAAAAAAAAAAAAAAAAAAAAAAAAAAAAAAAAAAAAAAAAAAAAAAAAAAAAAAAAAAAAAAAAAA
AAAAAAAAAAAAAAAAAAAAAAAAAAAAAAAAAAAAAAAAAAAAAAAAAAAAAAAAAAAAAAAAAAAAAAAAAAAA
AAAAAAAAAAAAAAAAAAAAAAAAAAAAAAAAAAAAAAAAAAAAAAAAAAAAAAAAAAAAAAAAAAAAAAAAAAAA
AAAAAAAAAAAAAAAAAAAAAAAAAAAAAAAAAAAAAAAAAAAAAAAAAAAAAAAAAAAAAAAAAAAAAAAAAAAA
AAAAAAAAAAAAAAAAAAAAAAAAAAAAAAAAAAAAAAAAAAAAAAAAAAAAAAAAAAAAAAAAAAAAAAAAAAAA
AAAAAAAAAAAAAAAAAAAAAAAAAAAAAAAAAAAAAAAAAAAAAAAAAAAAAAAAAAAAAAAAAAAAAAAAAAAA
AAAAAAAAAAAAAAAAAAAAAAAAAAAAAAAAAAAAAAAAAAAAAAAAAAAAAAAAAAAAAAAAAAAAAAAAAAAA
AAAAAAAAAAAAAAAAAAAAAAAAAAAAAAAAAAAAAAAAAAAAAAAAAAAAAAAAAAAAAAAAAAAAAAAAAAAA
AAAAAAAAAAAAAAAAAAAAAAAAAAAAAAAAAAAAAAAAAAAAAAAAAAAAAAAAAAAAAAAAAAAAAAAAAAAA
AAAAAAAAAAAAAAAAAAAAAAAAAAAAAAAAAAAAAAAAAAAAAAAAAAAAAAAAAAAAAAAAAAAAAAAAAAAA
AAAAAAAAAAAAAAAAAAAAAAAAAAAAAAAAAAAAAAAAAAAAAAAAAAAAAAAAAAAAAAAAAAAAAAAAAAAA
AAAAAAAAAAAAAAAAAAAAAAAAAAAAAAAAAAAAAAAAAAAAAAAAAAAAAAAAAAAAAAAAAAAAAAAAAAAA
AAAAAAAAAAAAAAAAAAAAAAAAAAAAAAAAAAAAAAAAAAAAAAAAAAAAAAAAAAAAAAAAAAAAAAAAAAAA
AAAAAAAAAAAAAAAAAAAAAAAAAAAAAAAAAAAAAAAAAAAAAAAAAAAAAAAAAAAAAAAAAAAAAAAAAAAA
AAAAAAAAAAAAAAAAAAAAAAAAAAAAAAAAAAAAAAAAAAAAAAAAAAAAAAAAAAAAAAAAAAAAAAAAAAAA
AAAAAAAAAAAAAAAAAAAAAAAAAAAAAAAAAAAAAAAAAAAAAAAAAAAAAAAAAAAAAAAAAAAAAAAAAAAA
AAAAAAAAAAAAAAAAAAAAAAAAAAAAAAAAAAAAAAAAAAAAAAAAAAAAAAAAAAAAAAAAAAAAAAAAAAAA
AAAAAAAAAAAAAAAAAAAAAAAAAAAAAAAAAAAAAAAAAAAAAAAAAAAAAAAAAAAAAAAAAAAAAAAAAAAA
AAAAAAAAAAAAAAAAAAAAAAAAAAAAAAAAAAAAAAAAAAAAAAAAAAAAAAAAAAAAAAAAAAAAAAAAAAAA
AAAAAAAAAAAAAAAAAAAAAAAAAAAAAAAAAAAAAAAAAAAAAAAAAAAAAAAAAAAAAAAAAAAAAAAAAAAA
AAAAAAAAAAAAAAAAAAAAAAAAAAAAAAAAAAAAAAAAAAAAAAAAAAAAAAAAAAAAAAAAAAAAAAAAAAAA
AAAAAAAAAAAAAAAAAAAAAAAAAAAAAAAAAAAAAAAAAAAAAAAAAAAAAAAAAAAAAAAAAAAAAAAAAAAA
AAAAAAAAAAAAAAAAAAAAAAAAAAAAAAAAAAAAAAAAAAAAAAAAAAAAAAAAAAAAAAAAAAAAAAAAAAAA
AAAAAAAAAAAAAAAAAAAAAAAAAAAAAAAAAAAAAAAAAAAAAAAAAAAAAAAAAAAAAAAAAAAAAAAAAAAA
AAAAAAAAAAAAAAAAAAAAAAAAAAAAAAAAAAAAAAAAAAAAAAAAAAAAAAAAAAAAAAAAAAAAAAAAAAAA
AAAAAAAAAAAAAAAAAAAAAAAAAAAAAAAAAAAAAAAAAAAAAAAAAAAAAAAAAAAAAAAAAAAAAAAAAAAA
AAAAAAAAAAAAAAAAAAAAAAAAAAAAAAAAAAAAAAAAAAAAAAAAAAAAAAAAAAAAAAAAAAAAAAAAAAAA
AAAAAAAAAAAAAAAAAAAAAAAAAAAAAAAAAAAAAAAAAAAAAAAAAAAAAAAAAAAAAAAAAAAAAAAAAAAA
AAAAAAAAAAAAAAAAAAAAAAAAAAAAAAAAAAAAAAAAAAAAAAAAAAAAAAAAAAAAAAAAAAAAAAAAAAAA
AAAAAAAAAAAAAAAAAAAAAAAAAAAAAAAAAAAAAAAAAAAAAAAAAAAAAAAAAAAAAAAAAAAAAAAAAAAA
AAAAAAAAAAAAAAAAAAAAAAAAAAAAAAAAAAAAAAAAAAAAAAAAAAAAAAAAAAAAAAAAAAAAAAAAAAAA
AAAAAAAAAAAAAAAAAAAAAAAAAAAAAAAAAAAAAAAAAAAAAAAAAAAAAAAAAAAAAAAAAAAAAAAAAAAA
AAAAAAAAAAAAAAAAAAAAAAAAAAAAAAAAAAAAAAAAAAAAAAAAAAAAAAAAAAAAAAAAAAAAAAAAAAAA
AAAAAAAAAAAAAAAAAAAAAAAAAAAAAAAAAAAAAAAAAAAAAAAAAAAAAAAAAAAAAAAAAAAAAAAAAAAA
AAAAAAAAAAAAAAAAAAAAAAAAAAAAAAAAAAAAAAAAAAAAAAAAAAAAAAAAAAAAAAAAAAAAAAAAAAAA
AAAAAAAAAAAAAAAAAAAAAAAAAAAAAAAAAAAAAAAAAAAAAAAAAAAAAAAAAAAAAAAAAAAAAAAAAAAA
AAAAAAAAAAAAAAAAAAAAAAAAAAAAAAAAAAAAAAAAAAAAAAAAAAAAAAAAAAAAAAAAAAAAAAAAAAAA
AAAAAAAAAAAAAAAAAAAAAAAAAAAAAAAAAAAAAAAAAAAAAAAAAAAAAAAAAAAAAAAAAAAAAAAAAAAA
AAAAAAAAAAAAAAAAAAAAAAAAAAAAAAAAAAAAAAAAAAAAAAAAAAAAAAAAAAAAAAAAAAAAAAAAAAAA
AAAAAAAAAAAAAAAAAAAAAAAAAAAAAAAAAAAAAAAAAAAAAAAAAAAAAAAAAAAAAAAAAAAAAAAAAAAA
AAAAAAAAAAAAAAAAAAAAAAAAAAAAAAAAAAAAAAAAAAAAAAAAAAAAAAAAAAAAAAAAAAAAAAAAAAAA
AAAAAAAAAAAAAAAAAAAAAAAAAAAAAAAAAAAAAAAAAAAAAAAAAAAAAAAAAAAAAAAAAAAAAAAAAAAA
AAAAAAAAAAAAAAAAAAAAAAAAAAAAAAAAAAAAAAAAAAAAAAAAAAAAAAAAAAAAAAAAAAAAAAAAAAAA
AAAAAAAAAAAAAAAAAAAAAAAAAAAAAAAAAAAAAAAAAAAAAAAAAAAAAAAAAAAAAAAAAAAAAAAAAAAA
AAAAAAAAAAAAAAAAAAAAAAAAAAAAAAAAAAAAAAAAAAAAAAAAAAAAAAAAAAAAAAAAAAAAAAAAAAAA
AAAAAAAAAAAAAAAAAAAAAAAAAAAAAAAAAAAAAAAAAAAAAAAAAAAAAAAAAAAAAAAAAAAAAAAAAAAA
AAAAAAAAAAAAAAAAAAAAAAAAAAAAAAAAAAAAAAAAAAAAAAAAAAAAAAAAAAAAAAAAAAAAAAAAAAAA
AAAAAAAAAAAAAAAAAAAAAAAAAAAAAAAAAAAAAAAAAAAAAAAAAAAAAAAAAAAAAAAAAAAAAAAAAAAA
AAAAAAAAAAAAAAAAAAAAAAAAAAAAAAAAAAAAAAAAAAAAAAAAAAAAAAAAAAAAAAAAAAAAAAAAAAAA
AAAAAAAAAAAAAAAAAAAAAAAAAAAAAAAAAAAAAAAAAAAAAAAAAAAAAAAAAAAAAAAAAAAAAAAAAAAA
AAAAAAAAAAAAAAAAAAAAAAAAAAAAAAAAAAAAAAAAAAAAAAAAAAAAAAAAAAAAAAAAAAAAAAAAAAAA
AAAAAAAAAAAAAAAAAAAAAAAAAAAAAAAAAAAAAAAAAAAAAAAAAAAAAAAAAAAAAAAAAAAAAAAAAAAA
AAAAAAAAAAAAAAAAAAAAAAAAAAAAAAAAAAAAAAAAAAAAAAAAAAAAAAAAAAAAAAAAAAAAAAAAAAAA
AAAAAAAAAAAAAAAAAAAAAAAAAAAAAAAAAAAAAAAAAAAAAAAAAAAAAAAAAAAAAAAAAAAAAAAAAAAA
AAAAAAAAAAAAAAAAAAAAAAAAAAAAAAAAAAAAAAAAAAAAAAAAAAAAAAAAAAAAAAAAAAAAAAAAAAAA
AAAAAAAAAAAAAAAAAAAAAAAAAAAAAAAAAAAAAAAAAAAAAAAAAAAAAAAAAAAAAAAAAAAAAAAAAAAA
AAAAAAAAAAAAAAAAAAAAAAAAAAAAAAAAAAAAAAAAAAAAAAAAAAAAAAAAAAAAAAAAAAAAAAAAAAAA
AAAAAAAAAAAAAAAAAAAAAAAAAAAAAAAAAAAAAAAAAAAAAAAAAAAAAAAAAAAAAAAAAAAAAAAAAAAA
AAAAAAAAAAAAAAAAAAAAAAAAAAAAAAAAAAAAAAAAAAAAAAAAAAAAAAAAAAAAAAAAAAAAAAAAAAAA
AAAAAAAAAAAAAAAAAAAAAAAAAAAAAAAAAAAAAAAAAAAAAAAAAAAAAAAAAAAAAAAAAAAAAAAAAAAA
AAAAAAAAAAAAAAAAAAAAAAAAAAAAAAAAAAAAAAAAAAAAAAAAAAAAAAAAAAAAAAAAAAAAAAAAAAAA
AAAAAAAAAAAAAAAAAAAAAAAAAAAAAAAAAAAAAAAAAAAAAAAAAAAAAAAAAAAAAAAAAAAAAAAAAAAA
AAAAAAAAAAAAAAAAAAAAAAAAAAAAAAAAAAAAAAAAAAAAAAAAAAAAAAAAAAAAAAAAAAAAAAAAAAAA
AAAAAAAAAAAAAAAAAAAAAAAAAAAAAAAAAAAAAAAAAAAAAAAAAAAAAAAAAAAAAAAAAAAAAAAAAAAA
AAAAAAAAAAAAAAAAAAAAAAAAAAAAAAAAAAAAAAAAAAAAAAAAAAAAAAAAAAAAAAAAAAAAAAAAAAAA
AAAAAAAAAAAAAAAAAAAAAAAAAAAAAAAAAAAAAAAAAAAAAAAAAAAAAAAAAAAAAAAAAAAAAAAAAAAA
AAAAAAAAAAAAAAAAAAAAAAAAAAAAAAAAAAAAAAAAAAAAAAAAAAAAAAAAAAAAAAAAAAAAAAAAAAAA
AAAAAAAAAAAAAAAAAAAAAAAAAAAAAAAAAAAAAAAAAAAAAAAAAAAAAAAAAAAAAAAAAAAAAAAAAAAA
AAAAAAAAAAAAAAAAAAAAAAAAAAAAAAAAAAAAAAAAAAAAAAAAAAAAAAAAAAAAAAAAAAAAAAAAAAAA
AAAAAAAAAAAAAAAAAAAAAAAAAAAAAAAAAAAAAAAAAAAAAAAAAAAAAAAAAAAAAAAAAAAAAAAAAAAA
AAAAAAAAAAAAAAAAAAAAAAAAAAAAAAAAAAAAAAAAAAAAAAAAAAAAAAAAAAAAAAAAAAAAAAAAAAAA
AAAAAAAAAAAAAAAAAAAAAAAAAAAAAAAAAAAAAAAAAAAAAAAAAAAAAAAAAAAAAAAAAAAAAAAAAAAA
AAAAAAAAAAAAAAAAAAAAAAAAAAAAAAAAAAAAAAAAAAAAAAAAAAAAAAAAAAAAAAAAAAAAAAAAAAAA
AAAAAAAAAAAAAAAAAAAAAAAAAAAAAAAAAAAAAAAAAAAAAAAAAAAAAAAAAAAAAAAAAAAAAAAAAAAA
AAAAAAAAAAAAAAAAAAAAAAAAAAAAAAAAAAAAAAAAAAAAAAAAAAAAAAAAAAAAAAAAAAAAAAAAAAAA
AAAAAAAAAAAAAAAAAAAAAAAAAAAAAAAAAAAAAAAAAAAAAAAAAAAAAAAAAAAAAAAAAAAAAAAAAAAA
AAAAAAAAAAAAAAAAAAAAAAAAAAAAAAAAAAAAAAAAAAAAAAAAAAAAAAAAAAAAAAAAAAAAAAAAAAAA
AAAAAAAAAAAAAAAAAAAAAAAAAAAAAAAAAAAAAAAAAAAAAAAAAAAAAAAAAAAAAAAAAAAAAAAAAAAA
AAAAAAAAAAAAAAAAAAAAAAAAAAAAAAAAAAAAAAAAAAAAAAAAAAAAAAAAAAAAAAAAAAAAAAAAAAAA
AAAAAAAAAAAAAAAAAAAAAAAAAAAAAAAAAAAAAAAAAAAAAAAAAAAAAAAAAAAAAAAAAAAAAAAAAAAA
AAAAAAAAAAAAAAAAAAAAAAAAAAAAAAAAAAAAAAAAAAAAAAAAAAAAAAAAAAAAAAAAAAAAAAAAAAAA
AAAAAAAAAAAAAAAAAAAAAAAAAAAAAAAAAAAAAAAAAAAAAAAAAAAAAAAAAAAAAAAAAAAAAAAAAAAA
AAAAAAAAAAAAAAAAAAAAAAAAAAAAAAAAAAAAAAAAAAAAAAAAAAAAAAAAAAAAAAAAAAAAAAAAAAAA
AAAAAAAAAAAAAAAAAAAAAAAAAAAAAAAAAAAAAAAAAAAAAAAAAAAAAAAAAAAAAAAAAAAAAAAAAAAA
AAAAAAAAAAAAAAAAAAAAAAAAAAAAAAAAAAAAAAAAAAAAAAAAAAAAAAAAAAAAAAAAAAAAAAAAAAAA
AAAAAAAAAAAAAAAAAAAAAAAAAAAAAAAAAAAAAAAAAAAAAAAAAAAAAAAAAAAAAAAAAAAAAAAAAAAA
AAAAAAAAAAAAAAAAAAAAAAAAAAAAAAAAAAAAAAAAAAAAAAAAAAAAAAAAAAAAAAAAAAAAAAAAAAAA
AAAAAAAAAAAAAAAAAAAAAAAAAAAAAAAAAAAAAAAAAAAAAAAAAAAAAAAAAAAAAAAAAAAAAAAAAAAA
AAAAAAAAAAAAAAAAAAAAAAAAAAAAAAAAAAAAAAAAAAAAAAAAAAAAAAAAAAAAAAAAAAAAAAAAAAAA
AAAAAAAAAAAAAAAAAAAAAAAAAAAAAAAAAAAAAAAAAAAAAAAAAAAAAAAAAAAAAAAAAAAAAAAAAAAA
AAAAAAAAAAAAAAAAAAAAAAAAAAAAAAAAAAAAAAAAAAAAAAAAAAAAAAAAAAAAAAAAAAAAAAAAAAAA
AAAAAAAAAAAAAAAAAAAAAAAAAAAAAAAAAAAAAAAAAAAAAAAAAAAAAAAAAAAAAAAAAAAAAAAAAAAA
AAAAAAAAAAAAAAAAAAAAAAAAAAAAAAAAAAAAAAAAAAAAAAAAAAAAAAAAAAAAAAAAAAAAAAAAAAAA
AAAAAAAAAAAAAAAAAAAAAAAAAAAAAAAAAAAAAAAAAAAAAAAAAAAAAAAAAAAAAAAAAAAAAAAAAAAA
AAAAAAAAAAAAAAAAAAAAAAAAAAAAAAAAAAAAAAAAAAAAAAAAAAAAAAAAAAAAAAAAAAAAAAAAAAAA
AAAAAAAAAAAAAAAAAAAAAAAAAAAAAAAAAAAAAAAAAAAAAAAAAAAAAAAAAAAAAAAAAAAAAAAAAAAA
AAAAAAAAAAAAAAAAAAAAAAAAAAAAAAAAAAAAAAAAAAAAAAAAAAAAAAAAAAAAAAAAAAAAAAAAAAAA
AAAAAAAAAAAAAAAAAAAAAAAAAAAAAAAAAAAAAAAAAAAAAAAAAAAAAAAAAAAAAAAAAAAAAAAAAAAA
AAAAAAAAAAAAAAAAAAAAAAAAAAAAAAAAAAAAAAAAAAAAAAAAAAAAAAAAAAAAAAAAAAAAAAAAAAAA
AAAAAAAAAAAAAAAAAAAAAAAAAAAAAAAAAAAAAAAAAAAAAAAAAAAAAAAAAAAAAAAAAAAAAAAAAAAA
AAAAAAAAAAAAAAAAAAAAAAAAAAAAAAAAAAAAAAAAAAAAAAAAAAAAAAAAAAAAAAAAAAAAAAAAAAAA
AAAAAAAAAAAAAAAAAAAAAAAAAAAAAAAAAAAAAAAAAAAAAAAAAAAAAAAAAAAAAAAAAAAAAAAAAAAA
AAAAAAAAAAAAAAAAAAAAAAAAAAAAAAAAAAAAAAAAAAAAAAAAAAAAAAAAAAAAAAAAAAAAAAAAAAAA
AAAAAAAAAAAAAAAAAAAAAAAAAAAAAAAAAAAAAAAAAAAAAAAAAAAAAAAAAAAAAAAAAAAAAAAAAAAA
AAAAAAAAAAAAAAAAAAAAAAAAAAAAAAAAAAAAAAAAAAAAAAAAAAAAAAAAAAAAAAAAAAAAAAAAAAAA
AAAAAAAAAAAAAAAAAAAAAAAAAAAAAAAAAAAAAAAAAAAAAAAAAAAAAAAAAAAAAAAAAAAAAAAAAAAA
AAAAAAAAAAAAAAAAAAAAAAAAAAAAAAAAAAAAAAAAAAAAAAAAAAAAAAAAAAAAAAAAAAAAAAAAAAAA
AAAAAAAAAAAAAAAAAAAAAAAAAAAAAAAAAAAAAAAAAAAAAAAAAAAAAAAAAAAAAAAAAAAAAAAAAAAA
AAAAAAAAAAAAAAAAAAAAAAAAAAAAAAAAAAAAAAAAAAAAAAAAAAAAAAAAAAAAAAAAAAAAAAAAAAAA
AAAAAAAAAAAAAAAAAAAAAAAAAAAAAAAAAAAAAAAAAAAAAAAAAAAAAAAAAAAAAAAAAAAAAAAAAAAA
AAAAAAAAAAAAAAAAAAAAAAAAAAAAAAAAAAAAAAAAAAAAAAAAAAAAAAAAAAAAAAAAAAAAAAAAAAAA
AAAAAAAAAAAAAAAAAAAAAAAAAAAAAAAAAAAAAAAAAAAAAAAAAAAAAAAAAAAAAAAAAAAAAAAAAAAA
AAAAAAAAAAAAAAAAAAAAAAAAAAAAAAAAAAAAAAAAAAAAAAAAAAAAAAAAAAAAAAAAAAAAAAAAAAAA
AAAAAAAAAAAAAAAAAAAAAAAAAAAAAAAAAAAAAAAAAAAAAAAAAAAAAAAAAAAAAAAAAAAAAAAAAAAA
AAAAAAAAAAAAAAAAAAAAAAAAAAAAAAAAAAAAAAAAAAAAAAAAAAAAAAAAAAAAAAAAAAAAAAAAAAAA
AAAAAAAAAAAAAAAAAAAAAAAAAAAAAAAAAAAAAAAAAAAAAAAAAAAAAAAAAAAAAAAAAAAAAAAAAAAA
AAAAAAAAAAAAAAAAAAAAAAAAAAAAAAAAAAAAAAAAAAAAAAAAAAAAAAAAAAAAAAAAAAAAAAAAAAAA
AAAAAAAAAAAAAAAAAAAAAAAAAAAAAAAAAAAAAAAAAAAAAAAAAAAAAAAAAAAAAAAAAAAAAAAAAAAA
AAAAAAAAAAAAAAAAAAAAAAAAAAAAAAAAAAAAAAAAAAAAAAAAAAAAAAAAAAAAAAAAAAAAAAAAAAAA
AAAAAAAAAAAAAAAAAAAAAAAAAAAAAAAAAAAAAAAAAAAAAAAAAAAAAAAAAAAAAAAAAAAAAAAAAAAA
AAAAAAAAAAAAAAAAAAAAAAAAAAAAAAAAAAAAAAAAAAAAAAAAAAAAAAAAAAAAAAAAAAAAAAAAAAAA
AAAAAAAAAAAAAAAAAAAAAAAAAAAAAAAAAAAAAAAAAAAAAAAAAAAAAAAAAAAAAAAAAAAAAAAAAAAA
AAAAAAAAAAAAAAAAAAAAAAAAAAAAAAAAAAAAAAAAAAAAAAAAAAAAAAAAAAAAAAAAAAAAAAAAAAAA
AAAAAAAAAAAAAAAAAAAAAAAAAAAAAAAAAAAAAAAAAAAAAAAAAAAAAAAAAAAAAAAAAAAAAAAAAAAA
AAAAAAAAAAAAAAAAAAAAAAAAAAAAAAAAAAAAAAAAAAAAAAAAAAAAAAAAAAAAAAAAAAAAAAAAAAAA
AAAAAAAAAAAAAAAAAAAAAAAAAAAAAAAAAAAAAAAAAAAAAAAAAAAAAAAAAAAAAAAAAAAAAAAAAAAA
AAAAAAAAAAAAAAAAAAAAAAAAAAAAAAAAAAAAAAAAAAAAAAAAAAAAAAAAAAAAAAAAAAAAAAAAAAAA
AAAAAAAAAAAAAAAAAAAAAAAAAAAAAAAAAAAAAAAAAAAAAAAAAAAAAAAAAAAAAAAAAAAAAAAAAAAA
AAAAAAAAAAAAAAAAAAAAAAAAAAAAAAAAAAAAAAAAAAAAAAAAAAAAAAAAAAAAAAAAAAAAAAAAAAAA
AAAAAAAAAAAAAAAAAAAAAAAAAAAAAAAAAAAAAAAAAAAAAAAAAAAAAAAAAAAAAAAAAAAAAAAAAAAA
AAAAAAAAAAAAAAAAAAAAAAAAAAAAAAAAAAAAAAAAAAAAAAAAAAAAAAAAAAAAAAAAAAAAAAAAAAAA
AAAAAAAAAAAAAAAAAAAAAAAAAAAAAAAAAAAAAAAAAAAAAAAAAAAAAAAAAAAAAAAAAAAAAAAAAAAA
AAAAAAAAAAAAAAAAAAAAAAAAAAAAAAAAAAAAAAAAAAAAAAAAAAAAAAAAAAAAAAAAAAAAAAAAAAAA
AAAAAAAAAAAAAAAAAAAAAAAAAAAAAAAAAAAAAAAAAAAAAAAAAAAAAAAAAAAAAAAAAAAAAAAAAAAA
AAAAAAAAAAAAAAAAAAAAAAAAAAAAAAAAAAAAAAAAAAAAAAAAAAAAAAAAAAAAAAAAAAAAAAAAAAAA
AAAAAAAAAAAAAAAAAAAAAAAAAAAAAAAAAAAAAAAAAAAAAAAAAAAAAAAAAAAAAAAAAAAAAAAAAAAA
AAAAAAAAAAAAAAAAAAAAAAAAAAAAAAAAAAAAAAAAAAAAAAAAAAAAAAAAAAAAAAAAAAAAAAAAAAAA
AAAAAAAAAAAAAAAAAAAAAAAAAAAAAAAAAAAAAAAAAAAAAAAAAAAAAAAAAAAAAAAAAAAAAAAAAAAA
AAAAAAAAAAAAAAAAAAAAAAAAAAAAAAAAAAAAAAAAAAAAAAAAAAAAAAAAAAAAAAAAAAAAAAAAAAAA
AAAAAAAAAAAAAAAAAAAAAAAAAAAAAAAAAAAAAAAAAAAAAAAAAAAAAAAAAAAAAAAAAAAAAAAAAAAA
AAAAAAAAAAAAAAAAAAAAAAAAAAAAAAAAAAAAAAAAAAAAAAAAAAAAAAAAAAAAAAAAAAAAAAAAAAAA
AAAAAAAAAAAAAAAAAAAAAAAAAAAAAAAAAAAAAAAAAAAAAAAAAAAAAAAAAAAAAAAAAAAAAAAAAAAA
AAAAAAAAAAAAAAAAAAAAAAAAAAAAAAAAAAAAAAAAAAAAAAAAAAAAAAAAAAAAAAAAAAAAAAAAAAAA
AAAAAAAAAAAAAAAAAAAAAAAAAAAAAAAAAAAAAAAAAAAAAAAAAAAAAAAAAAAAAAAAAAAAAAAAAAAA
AAAAAAAAAAAAAAAAAAAAAAAAAAAAAAAAAAAAAAAAAAAAAAAAAAAAAAAAAAAAAAAAAAAAAAAAAAAA
AAAAAAAAAAAAAAAAAAAAAAAAAAAAAAAAAAAAAAAAAAAAAAAAAAAAAAAAAAAAAAAAAAAAAAAAAAAA
AAAAAAAAAAAAAAAAAAAAAAAAAAAAAAAAAAAAAAAAAAAAAAAAAAAAAAAAAAAAAAAAAAAAAAAAAAAA
AAAAAAAAAAAAAAAAAAAAAAAAAAAAAAAAAAAAAAAAAAAAAAAAAAAAAAAAAAAAAAAAAAAAAAAAAAAA
AAAAAAAAAAAAAAAAAAAAAAAAAAAAAAAAAAAAAAAAAAAAAAAAAAAAAAAAAAAAAAAAAAAAAAAAAAAA
AAAAAAAAAAAAAAAAAAAAAAAAAAAAAAAAAAAAAAAAAAAAAAAAAAAAAAAAAAAAAAAAAAAAAAAAAAAA
AAAAAAAAAAAAAAAAAAAAAAAAAAAAAAAAAAAAAAAAAAAAAAAAAAAAAAAAAAAAAAAAAAAAAAAAAAAA
AAAAAAAAAAAAAAAAAAAAAAAAAAAAAAAAAAAAAAAAAAAAAAAAAAAAAAAAAAAAAAAAAAAAAAAAAAAA
AAAAAAAAAAAAAAAAAAAAAAAAAAAAAAAAAAAAAAAAAAAAAAAAAAAAAAAAAAAAAAAAAAAAAAAAAAAA
AAAAAAAAAAAAAAAAAAAAAAAAAAAAAAAAAAAAAAAAAAAAAAAAAAAAAAAAAAAAAAAAAAAAAAAAAAAA
AAAAAAAAAAAAAAAAAAAAAAAAAAAAAAAAAAAAAAAAAAAAAAAAAAAAAAAAAAAAAAAAAAAAAAAAAAAA
AAAAAAAAAAAAAAAAAAAAAAAAAAAAAAAAAAAAAAAAAAAAAAAAAAAAAAAAAAAAAAAAAAAAAAAAAAAA
AAAAAAAAAAAAAAAAAAAAAAAAAAAAAAAAAAAAAAAAAAAAAAAAAAAAAAAAAAAAAAAAAAAAAAAAAAAA
AAAAAAAAAAAAAAAAAAAAAAAAAAAAAAAAAAAAAAAAAAAAAAAAAAAAAAAAAAAAAAAAAAAAAAAAAAAA
AAAAAAAAAAAAAAAAAAAAAAAAAAAAAAAAAAAAAAAAAAAAAAAAAAAAAAAAAAAAAAAAAAAAAAAAAAAA
AAAAAAAAAAAAAAAAAAAAAAAAAAAAAAAAAAAAAAAAAAAAAAAAAAAAAAAAAAAAAAAAAAAAAAAAAAAA
AAAAAAAAAAAAAAAAAAAAAAAAAAAAAAAAAAAAAAAAAAAAAAAAAAAAAAAAAAAAAAAAAAAAAAAAAAAA
AAAAAAAAAAAAAAAAAAAAAAAAAAAAAAAAAAAAAAAAAAAAAAAAAAAAAAAAAAAAAAAAAAAAAAAAAAAA
AAAAAAAAAAAAAAAAAAAAAAAAAAAAAAAAAAAAAAAAAAAAAAAAAAAAAAAAAAAAAAAAAAAAAAAAAAAA
AAAAAAAAAAAAAAAAAAAAAAAAAAAAAAAAAAAAAAAAAAAAAAAAAAAAAAAAAAAAAAAAAAAAAAAAAAAA
AAAAAAAAAAAAAAAAAAAAAAAAAAAAAAAAAAAAAAAAAAAAAAAAAAAAAAAAAAAAAAAAAAAAAAAAAAAA
AAAAAAAAAAAAAAAAAAAAAAAAAAAAAAAAAAAAAAAAAAAAAAAAAAAAAAAAAAAAAAAAAAAAAAAAAAAA
AAAAAAAAAAAAAAAAAAAAAAAAAAAAAAAAAAAAAAAAAAAAAAAAAAAAAAAAAAAAAAAAAAAAAAAAAAAA
AAAAAAAAAAAAAAAAAAAAAAAAAAAAAAAAAAAAAAAAAAAAAAAAAAAAAAAAAAAAAAAAAAAAAAAAAAAA
AAAAAAAAAAAAAAAAAAAAAAAAAAAAAAAAAAAAAAAAAAAAAAAAAAAAAAAAAAAAAAAAAAAAAAAAAAAA
AAAAAAAAAAAAAAAAAAAAAAAAAAAAAAAAAAAAAAAAAAAAAAAAAAAAAAAAAAAAAAAAAAAAAAAAAAAA
AAAAAAAAAAAAAAAAAAAAAAAAAAAAAAAAAAAAAAAAAAAAAAAAAAAAAAAAAAAAAAAAAAAAAAAAAAAA
AAAAAAAAAAAAAAAAAAAAAAAAAAAAAAAAAAAAAAAAAAAAAAAAAAAAAAAAAAAAAAAAAAAAAAAAAAAA
AAAAAAAAAAAAAAAAAAAAAAAAAAAAAAAAAAAAAAAAAAAAAAAAAAAAAAAAAAAAAAAAAAAAAAAAAAAA
AAAAAAAAAAAAAAAAAAAAAAAAAAAAAAAAAAAAAAAAAAAAAAAAAAAAAAAAAAAAAAAAAAAAAAAAAAAA
AAAAAAAAAAAAAAAAAAAAAAAAAAAAAAAAAAAAAAAAAAAAAAAAAAAAAAAAAAAAAAAAAAAAAAAAAAAA
AAAAAAAAAAAAAAAAAAAAAAAAAAAAAAAAAAAAAAAAAAAAAAAAAAAAAAAAAAAAAAAAAAAAAAAAAAAA
AAAAAAAAAAAAAAAAAAAAAAAAAAAAAAAAAAAAAAAAAAAAAAAAAAAAAAAAAAAAAAAAAAAAAAAAAAAA
AAAAAAAAAAAAAAAAAAAAAAAAAAAAAAAAAAAAAAAAAAAAAAAAAAAAAAAAAAAAAAAAAAAAAAAAAAAA
AAAAAAAAAAAAAAAAAAAAAAAAAAAAAAAAAAAAAAAAAAAAAAAAAAAAAAAAAAAAAAAAAAAAAAAAAAAA
AAAAAAAAAAAAAAAAAAAAAAAAAAAAAAAAAAAAAAAAAAAAAAAAAAAAAAAAAAAAAAAAAAAAAAAAAAAA
AAAAAAAAAAAAAAAAAAAAAAAAAAAAAAAAAAAAAAAAAAAAAAAAAAAAAAAAAAAAAAAAAAAAAAAAAAAA
AAAAAAAAAAAAAAAAAAAAAAAAAAAAAAAAAAAAAAAAAAAAAAAAAAAAAAAAAAAAAAAAAAAAAAAAAAAA
AAAAAAAAAAAAAAAAAAAAAAAAAAAAAAAAAAAAAAAAAAAAAAAAAAAAAAAAAAAAAAAAAAAAAAAAAAAA
AAAAAAAAAAAAAAAAAAAAAAAAAAAAAAAAAAAAAAAAAAAAAAAAAAAAAAAAAAAAAAAAAAAAAAAAAAAA
AAAAAAAAAAAAAAAAAAAAAAAAAAAAAAAAAAAAAAAAAAAAAAAAAAAAAAAAAAAAAAAAAAAAAAAAAAAA
AAAAAAAAAAAAAAAAAAAAAAAAAAAAAAAAAAAAAAAAAAAAAAAAAAAAAAAAAAAAAAAAAAAAAAAAAAAA
AAAAAAAAAAAAAAAAAAAAAAAAAAAAAAAAAAAAAAAAAAAAAAAAAAAAAAAAAAAAAAAAAAAAAAAAAAAA
AAAAAAAAAAAAAAAAAAAAAAAAAAAAAAAAAAAAAAAAAAAAAAAAAAAAAAAAAAAAAAAAAAAAAAAAAAAA
AAAAAAAAAAAAAAAAAAAAAAAAAAAAAAAAAAAAAAAAAAAAAAAAAAAAAAAAAAAAAAAAAAAAAAAAAAAA
AAAAAAAAAAAAAAAAAAAAAAAAAAAAAAAAAAAAAAAAAAAAAAAAAAAAAAAAAAAAAAAAAAAAAAAAAAAA
AAAAAAAAAAAAAAAAAAAAAAAAAAAAAAAAAAAAAAAAAAAAAAAAAAAAAAAAAAAAAAAAAAAAAAAAAAAA
AAAAAAAAAAAAAAAAAAAAAAAAAAAAAAAAAAAAAAAAAAAAAAAAAAAAAAAAAAAAAAAAAAAAAAAAAAAA
AAAAAAAAAAAAAAAAAAAAAAAAAAAAAAAAAAAAAAAAAAAAAAAAAAAAAAAAAAAAAAAAAAAAAAAAAAAA
AAAAAAAAAAAAAAAAAAAAAAAAAAAAAAAAAAAAAAAAAAAAAAAAAAAAAAAAAAAAAAAAAAAAAAAAAAAA
AAAAAAAAAAAAAAAAAAAAAAAAAAAAAAAAAAAAAAAAAAAAAAAAAAAAAAAAAAAAAAAAAAAAAAAAAAAA
AAAAAAAAAAAAAAAAAAAAAAAAAAAAAAAAAAAAAAAAAAAAAAAAAAAAAAAAAAAAAAAAAAAAAAAAAAAA
AAAAAAAAAAAAAAAAAAAAAAAAAAAAAAAAAAAAAAAAAAAAAAAAAAAAAAAAAAAAAAAAAAAAAAAAAAAA
AAAAAAAAAAAAAAAAAAAAAAAAAAAAAAAAAAAAAAAAAAAAAAAAAAAAAAAAAAAAAAAAAAAAAAAAAAAA
AAAAAAAAAAAAAAAAAAAAAAAAAAAAAAAAAAAAAAAAAAAAAAAAAAAAAAAAAAAAAAAAAAAAAAAAAAAA
AAAAAAAAAAAAAAAAAAAAAAAAAAAAAAAAAAAAAAAAAAAAAAAAAAAAAAAAAAAAAAAAAAAAAAAAAAAA
AAAAAAAAAAAAAAAAAAAAAAAAAAAAAAAAAAAAAAAAAAAAAAAAAAAAAAAAAAAAAAAAAAAAAAAAAAAA
AAAAAAAAAAAAAAAAAAAAAAAAAAAAAAAAAAAAAAAAAAAAAAAAAAAAAAAAAAAAAAAAAAAAAAAAAAAA
AAAAAAAAAAAAAAAAAAAAAAAAAAAAAAAAAAAAAAAAAAAAAAAAAAAAAAAAAAAAAAAAAAAAAAAAAAAA
AAAAAAAAAAAAAAAAAAAAAAAAAAAAAAAAAAAAAAAAAAAAAAAAAAAAAAAAAAAAAAAAAAAAAAAAAAAA
AAAAAAAAAAAAAAAAAAAAAAAAAAAAAAAAAAAAAAAAAAAAAAAAAAAAAAAAAAAAAAAAAAAAAAAAAAAA
AAAAAAAAAAAAAAAAAAAAAAAAAAAAAAAAAAAAAAAAAAAAAAAAAAAAAAAAAAAAAAAAAAAAAAAAAAAA
AAAAAAAAAAAAAAAAAAAAAAAAAAAAAAAAAAAAAAAAAAAAAAAAAAAAAAAAAAAAAAAAAAAAAAAAAAAA
AAAAAAAAAAAAAAAAAAAAAAAAAAAAAAAAAAAAAAAAAAAAAAAAAAAAAAAAAAAAAAAAAAAAAAAAAAAA
AAAAAAAAAAAAAAAAAAAAAAAAAAAAAAAAAAAAAAAAAAAAAAAAAAAAAAAAAAAAAAAAAAAAAAAAAAAA
AAAAAAAAAAAAAAAAAAAAAAAAAAAAAAAAAAAAAAAAAAAAAAAAAAAAAAAAAAAAAAAAAAAAAAAAAAAA
AAAAAAAAAAAAAAAAAAAAAAAAAAAAAAAAAAAAAAAAAAAAAAAAAAAAAAAAAAAAAAAAAAAAAAAAAAAA
AAAAAAAAAAAAAAAAAAAAAAAAAAAAAAAAAAAAAAAAAAAAAAAAAAAAAAAAAAAAAAAAAAAAAAAAAAAA
AAAAAAAAAAAAAAAAAAAAAAAAAAAAAAAAAAAAAAAAAAAAAAAAAAAAAAAAAAAAAAAAAAAAAAAAAAAA
AAAAAAAAAAAAAAAAAAAAAAAAAAAAAAAAAAAAAAAAAAAAAAAAAAAAAAAAAAAAAAAAAAAAAAAAAAAA
AAAAAAAAAAAAAAAAAAAAAAAAAAAAAAAAAAAAAAAAAAAAAAAAAAAAAAAAAAAAAAAAAAAAAAAAAAAA
AAAAAAAAAAAAAAAAAAAAAAAAAAAAAAAAAAAAAAAAAAAAAAAAAAAAAAAAAAAAAAAAAAAAAAAAAAAA
AAAAAAAAAAAAAAAAAAAAAAAAAAAAAAAAAAAAAAAAAAAAAAAAAAAAAAAAAAAAAAAAAAAAAAAAAAAA
AAAAAAAAAAAAAAAAAAAAAAAAAAAAAAAAAAAAAAAAAAAAAAAAAAAAAAAAAAAAAAAAAAAAAAAAAAAA
AAAAAAAAAAAAAAAAAAAAAAAAAAAAAAAAAAAAAAAAAAAAAAAAAAAAAAAAAAAAAAAAAAAAAAAAAAAA
AAAAAAAAAAAAAAAAAAAAAAAAAAAAAAAAAAAAAAAAAAAAAAAAAAAAAAAAAAAAAAAAAAAAAAAAAAAA
AAAAAAAAAAAAAAAAAAAAAAAAAAAAAAAAAAAAAAAAAAAAAAAAAAAAAAAAAAAAAAAAAAAAAAAAAAAA
AAAAAAAAAAAAAAAAAAAAAAAAAAAAAAAAAAAAAAAAAAAAAAAAAAAAAAAAAAAAAAAAAAAAAAAAAAAA
AAAAAAAAAAAAAAAAAAAAAAAAAAAAAAAAAAAAAAAAAAAAAAAAAAAAAAAAAAAAAAAAAAAAAAAAAAAA
AAAAAAAAAAAAAAAAAAAAAAAAAAAAAAAAAAAAAAAAAAAAAAAAAAAAAAAAAAAAAAAAAAAAAAAAAAAA
AAAAAAAAAAAAAAAAAAAAAAAAAAAAAAAAAAAAAAAAAAAAAAAAAAAAAAAAAAAAAAAAAAAAAAAAAAAA
AAAAAAAAAAAAAAAAAAAAAAAAAAAAAAAAAAAAAAAAAAAAAAAAAAAAAAAAAAAAAAAAAAAAAAAAAAAA
AAAAAAAAAAAAAAAAAAAAAAAAAAAAAAAAAAAAAAAAAAAAAAAAAAAAAAAAAAAAAAAAAAAAAAAAAAAA
AAAAAAAAAAAAAAAAAAAAAAAAAAAAAAAAAAAAAAAAAAAAAAAAAAAAAAAAAAAAAAAAAAAAAAAAAAAA
AAAAAAAAAAAAAAAAAAAAAAAAAAAAAAAAAAAAAAAAAAAAAAAAAAAAAAAAAAAAAAAAAAAAAAAAAAAA
AAAAAAAAAAAAAAAAAAAAAAAAAAAAAAAAAAAAAAAAAAAAAAAAAAAAAAAAAAAAAAAAAAAAAAAAAAAA
AAAAAAAAAAAAAAAAAAAAAAAAAAAAAAAAAAAAAAAAAAAAAAAAAAAAAAAAAAAAAAAAAAAAAAAAAAAA
AAAAAAAAAAAAAAAAAAAAAAAAAAAAAAAAAAAAAAAAAAAAAAAAAAAAAAAAAAAAAAAAAAAAAAAAAAAA
AAAAAAAAAAAAAAAAAAAAAAAAAAAAAAAAAAAAAAAAAAAAAAAAAAAAAAAAAAAAAAAAAAAAAAAAAAAA
AAAAAAAAAAAAAAAAAAAAAAAAAAAAAAAAAAAAAAAAAAAAAAAAAAAAAAAAAAAAAAAAAAAAAAAAAAAA
AAAAAAAAAAAAAAAAAAAAAAAAAAAAAAAAAAAAAAAAAAAAAAAAAAAAAAAAAAAAAAAAAAAAAAAAAAAA
AAAAAAAAAAAAAAAAAAAAAAAAAAAAAAAAAAAAAAAAAAAAAAAAAAAAAAAAAAAAAAAAAAAAAAAAAAAA
AAAAAAAAAAAAAAAAAAAAAAAAAAAAAAAAAAAAAAAAAAAAAAAAAAAAAAAAAAAAAAAAAAAAAAAAAAAA
AAAAAAAAAAAAAAAAAAAAAAAAAAAAAAAAAAAAAAAAAAAAAAAAAAAAAAAAAAAAAAAAAAAAAAAAAAAA
AAAAAAAAAAAAAAAAAAAAAAAAAAAAAAAAAAAAAAAAAAAAAAAAAAAAAAAAAAAAAAAAAAAAAAAAAAAA
AAAAAAAAAAAAAAAAAAAAAAAAAAAAAAAAAAAAAAAAAAAAAAAAAAAAAAAAAAAAAAAAAAAAAAAAAAAA
AAAAAAAAAAAAAAAAAAAAAAAAAAAAAAAAAAAAAAAAAAAAAAAAAAAAAAAAAAAAAAAAAAAAAAAAAAAA
AAAAAAAAAAAAAAAAAAAAAAAAAAAAAAAAAAAAAAAAAAAAAAAAAAAAAAAAAAAAAAAAAAAAAAAAAAAA
AAAAAAAAAAAAAAAAAAAAAAAAAAAAAAAAAAAAAAAAAAAAAAAAAAAAAAAAAAAAAAAAAAAAAAAAAAAA
AAAAAAAAAAAAAAAAAAAAAAAAAAAAAAAAAAAAAAAAAAAAAAAAAAAAAAAAAAAAAAAAAAAAAAAAAAAA
AAAAAAAAAAAAAAAAAAAAAAAAAAAAAAAAAAAAAAAAAAAAAAAAAAAAAAAAAAAAAAAAAAAAAAAAAAAA
AAAAAAAAAAAAAAAAAAAAAAAAAAAAAAAAAAAAAAAAAAAAAAAAAAAAAAAAAAAAAAAAAAAAAAAAAAAA
AAAAAAAAAAAAAAAAAAAAAAAAAAAAAAAAAAAAAAAAAAAAAAAAAAAAAAAAAAAAAAAAAAAAAAAAAAAA
AAAAAAAAAAAAAAAAAAAAAAAAAAAAAAAAAAAAAAAAAAAAAAAAAAAAAAAAAAAAAAAAAAAAAAAAAAAA
AAAAAAAAAAAAAAAAAAAAAAAAAAAAAAAAAAAAAAAAAAAAAAAAAAAAAAAAAAAAAAAAAAAAAAAAAAAA
AAAAAAAAAAAAAAAAAAAAAAAAAAAAAAAAAAAAAAAAAAAAAAAAAAAAAAAAAAAAAAAAAAAAAAAAAAAA
AAAAAAAAAAAAAAAAAAAAAAAAAAAAAAAAAAAAAAAAAAAAAAAAAAAAAAAAAAAAAAAAAAAAAAAAAAAA
AAAAAAAAAAAAAAAAAAAAAAAAAAAAAAAAAAAAAAAAAAAAAAAAAAAAAAAAAAAAAAAAAAAAAAAAAAAA
AAAAAAAAAAAAAAAAAAAAAAAAAAAAAAAAAAAAAAAAAAAAAAAAAAAAAAAAAAAAAAAAAAAAAAAAAAAA
AAAAAAAAAAAAAAAAAAAAAAAAAAAAAAAAAAAAAAAAAAAAAAAAAAAAAAAAAAAAAAAAAAAAAAAAAAAA
AAAAAAAAAAAAAAAAAAAAAAAAAAAAAAAAAAAAAAAAAAAAAAAAAAAAAAAAAAAAAAAAAAAAAAAAAAAA
AAAAAAAAAAAAAAAAAAAAAAAAAAAAAAAAAAAAAAAAAAAAAAAAAAAAAAAAAAAAAAAAAAAAAAAAAAAA
AAAAAAAAAAAAAAAAAAAAAAAAAAAAAAAAAAAAAAAAAAAAAAAAAAAAAAAAAAAAAAAAAAAAAAAAAAAA
AAAAAAAAAAAAAAAAAAAAAAAAAAAAAAAAAAAAAAAAAAAAAAAAAAAAAAAAAAAAAAAAAAAAAAAAAAAA
AAAAAAAAAAAAAAAAAAAAAAAAAAAAAAAAAAAAAAAAAAAAAAAAAAAAAAAAAAAAAAAAAAAAAAAAAAAA
AAAAAAAAAAAAAAAAAAAAAAAAAAAAAAAAAAAAAAAAAAAAAAAAAAAAAAAAAAAAAAAAAAAAAAAAAAAA
AAAAAAAAAAAAAAAAAAAAAAAAAAAAAAAAAAAAAAAAAAAAAAAAAAAAAAAAAAAAAAAAAAAAAAAAAAAA
AAAAAAAAAAAAAAAAAAAAAAAAAAAAAAAAAAAAAAAAAAAAAAAAAAAAAAAAAAAAAAAAAAAAAAAAAAAA
AAAAAAAAAAAAAAAAAAAAAAAAAAAAAAAAAAAAAAAAAAAAAAAAAAAAAAAAAAAAAAAAAAAAAAAAAAAA
AAAAAAAAAAAAAAAAAAAAAAAAAAAAAAAAAAAAAAAAAAAAAAAAAAAAAAAAAAAAAAAAAAAAAAAAAAAA
AAAAAAAAAAAAAAAAAAAAAAAAAAAAAAAAAAAAAAAAAAAAAAAAAAAAAAAAAAAAAAAAAAAAAAAAAAAA
AAAAAAAAAAAAAAAAAAAAAAAAAAAAAAAAAAAAAAAAAAAAAAAAAAAAAAAAAAAAAAAAAAAAAAAAAAAA
AAAAAAAAAAAAAAAAAAAAAAAAAAAAAAAAAAAAAAAAAAAAAAAAAAAAAAAAAAAAAAAAAAAAAAAAAAAA
AAAAAAAAAAAAAAAAAAAAAAAAAAAAAAAAAAAAAAAAAAAAAAAAAAAAAAAAAAAAAAAAAAAAAAAAAAAA
AAAAAAAAAAAAAAAAAAAAAAAAAAAAAAAAAAAAAAAAAAAAAAAAAAAAAAAAAAAAAAAAAAAAAAAAAAAA
AAAAAAAAAAAAAAAAAAAAAAAAAAAAAAAAAAAAAAAAAAAAAAAAAAAAAAAAAAAAAAAAAAAAAAAAAAAA
AAAAAAAAAAAAAAAAAAAAAAAAAAAAAAAAAAAAAAAAAAAAAAAAAAAAAAAAAAAAAAAAAAAAAAAAAAAA
AAAAAAAAAAAAAAAAAAAAAAAAAAAAAAAAAAAAAAAAAAAAAAAAAAAAAAAAAAAAAAAAAAAAAAAAAAAA
AAAAAAAAAAAAAAAAAAAAAAAAAAAAAAAAAAAAAAAAAAAAAAAAAAAAAAAAAAAAAAAAAAAAAAAAAAAA
AAAAAAAAAAAAAAAAAAAAAAAAAAAAAAAAAAAAAAAAAAAAAAAAAAAAAAAAAAAAAAAAAAAAAAAAAAAA
AAAAAAAAAAAAAAAAAAAAAAAAAAAAAAAAAAAAAAAAAAAAAAAAAAAAAAAAAAAAAAAAAAAAAAAAAAAA
AAAAAAAAAAAAAAAAAAAAAAAAAAAAAAAAAAAAAAAAAAAAAAAAAAAAAAAAAAAAAAAAAAAAAAAAAAAA
AAAAAAAAAAAAAAAAAAAAAAAAAAAAAAAAAAAAAAAAAAAAAAAAAAAAAAAAAAAAAAAAAAAAAAAAAAAA
AAAAAAAAAAAAAAAAAAAAAAAAAAAAAAAAAAAAAAAAAAAAAAAAAAAAAAAAAAAAAAAAAAAAAAAAAAAA
AAAAAAAAAAAAAAAAAAAAAAAAAAAAAAAAAAAAAAAAAAAAAAAAAAAAAAAAAAAAAAAAAAAAAAAAAAAA
AAAAAAAAAAAAAAAAAAAAAAAAAAAAAAAAAAAAAAAAAAAAAAAAAAAAAAAAAAAAAAAAAAAAAAAAAAAA
AAAAAAAAAAAAAAAAAAAAAAAAAAAAAAAAAAAAAAAAAAAAAAAAAAAAAAAAAAAAAAAAAAAAAAAAAAAA
AAAAAAAAAAAAAAAAAAAAAAAAAAAAAAAAAAAAAAAAAAAAAAAAAAAAAAAAAAAAAAAAAAAAAAAAAAAA
AAAAAAAAAAAAAAAAAAAAAAAAAAAAAAAAAAAAAAAAAAAAAAAAAAAAAAAAAAAAAAAAAAAAAAAAAAAA
AAAAAAAAAAAAAAAAAAAAAAAAAAAAAAAAAAAAAAAAAAAAAAAAAAAAAAAAAAAAAAAAAAAAAAAAAAAA
AAAAAAAAAAAAAAAAAAAAAAAAAAAAAAAAAAAAAAAAAAAAAAAAAAAAAAAAAAAAAAAAAAAAAAAAAAAA
AAAAAAAAAAAAAAAAAAAAAAAAAAAAAAAAAAAAAAAAAAAAAAAAAAAAAAAAAAAAAAAAAAAAAAAAAAAA
AAAAAAAAAAAAAAAAAAAAAAAAAAAAAAAAAAAAAAAAAAAAAAAAAAAAAAAAAAAAAAAAAAAAAAAAAAAA
AAAAAAAAAAAAAAAAAAAAAAAAAAAAAAAAAAAAAAAAAAAAAAAAAAAAAAAAAAAAAAAAAAAAAAAAAAAA
AAAAAAAAAAAAAAAAAAAAAAAAAAAAAAAAAAAAAAAAAAAAAAAAAAAAAAAAAAAAAAAAAAAAAAAAAAAA
AAAAAAAAAAAAAAAAAAAAAAAAAAAAAAAAAAAAAAAAAAAAAAAAAAAAAAAAAAAAAAAAAAAAAAAAAAAA
AAAAAAAAAAAAAAAAAAAAAAAAAAAAAAAAAAAAAAAAAAAAAAAAAAAAAAAAAAAAAAAAAAAAAAAAAAAA
AAAAAAAAAAAAAAAAAAAAAAAAAAAAAAAAAAAAAAAAAAAAAAAAAAAAAAAAAAAAAAAAAAAAAAAAAAAA
AAAAAAAAAAAAAAAAAAAAAAAAAAAAAAAAAAAAAAAAAAAAAAAAAAAAAAAAAAAAAAAAAAAAAAAAAAAA
AAAAAAAAAAAAAAAAAAAAAAAAAAAAAAAAAAAAAAAAAAAAAAAAAAAAAAAAAAAAAAAAAAAAAAAAAAAA
AAAAAAAAAAAAAAAAAAAAAAAAAAAAAAAAAAAAAAAAAAAAAAAAAAAAAAAAAAAAAAAAAAAAAAAAAAAA
AAAAAAAAAAAAAAAAAAAAAAAAAAAAAAAAAAAAAAAAAAAAAAAAAAAAAAAAAAAAAAAAAAAAAAAAAAAA
AAAAAAAAAAAAAAAAAAAAAAAAAAAAAAAAAAAAAAAAAAAAAAAAAAAAAAAAAAAAAAAAAAAAAAAAAAAA
AAAAAAAAAAAAAAAAAAAAAAAAAAAAAAAAAAAAAAAAAAAAAAAAAAAAAAAAAAAAAAAAAAAAAAAAAAAA
AAAAAAAAAAAAAAAAAAAAAAAAAAAAAAAAAAAAAAAAAAAAAAAAAAAAAAAAAAAAAAAAAAAAAAAAAAAA
AAAAAAAAAAAAAAAAAAAAAAAAAAAAAAAAAAAAAAAAAAAAAAAAAAAAAAAAAAAAAAAAAAAAAAAAAAAA
AAAAAAAAAAAAAAAAAAAAAAAAAAAAAAAAAAAAAAAAAAAAAAAAAAAAAAAAAAAAAAAAAAAAAAAAAAAA
AAAAAAAAAAAAAAAAAAAAAAAAAAAAAAAAAAAAAAAAAAAAAAAAAAAAAAAAAAAAAAAAAAAAAAAAAAAA
AAAAAAAAAAAAAAAAAAAAAAAAAAAAAAAAAAAAAAAAAAAAAAAAAAAAAAAAAAAAAAAAAAAAAAAAAAAA
AAAAAAAAAAAAAAAAAAAAAAAAAAAAAAAAAAAAAAAAAAAAAAAAAAAAAAAAAAAAAAAAAAAAAAAAAAAA
AAAAAAAAAAAAAAAAAAAAAAAAAAAAAAAAAAAAAAAAAAAAAAAAAAAAAAAAAAAAAAAAAAAAAAAAAAAA
AAAAAAAAAAAAAAAAAAAAAAAAAAAAAAAAAAAAAAAAAAAAAAAAAAAAAAAAAAAAAAAAAAAAAAAAAAAA
AAAAAAAAAAAAAAAAAAAAAAAAAAAAAAAAAAAAAAAAAAAAAAAAAAAAAAAAAAAAAAAAAAAAAAAAAAAA
AAAAAAAAAAAAAAAAAAAAAAAAAAAAAAAAAAAAAAAAAAAAAAAAAAAAAAAAAAAAAAAAAAAAAAAAAAAA
AAAAAAAAAAAAAAAAAAAAAAAAAAAAAAAAAAAAAAAAAAAAAAAAAAAAAAAAAAAAAAAAAAAAAAAAAAAA
AAAAAAAAAAAAAAAAAAAAAAAAAAAAAAAAAAAAAAAAAAAAAAAAAAAAAAAAAAAAAAAAAAAAAAAAAAAA
AAAAAAAAAAAAAAAAAAAAAAAAAAAAAAAAAAAAAAAAAAAAAAAAAAAAAAAAAAAAAAAAAAAAAAAAAAAA
AAAAAAAAAAAAAAAAAAAAAAAAAAAAAAAAAAAAAAAAAAAAAAAAAAAAAAAAAAAAAAAAAAAAAAAAAAAA
AAAAAAAAAAAAAAAAAAAAAAAAAAAAAAAAAAAAAAAAAAAAAAAAAAAAAAAAAAAAAAAAAAAAAAAAAAAA
AAAAAAAAAAAAAAAAAAAAAAAAAAAAAAAAAAAAAAAAAAAAAAAAAAAAAAAAAAAAAAAAAAAAAAAAAAAA
AAAAAAAAAAAAAAAAAAAAAAAAAAAAAAAAAAAAAAAAAAAAAAAAAAAAAAAAAAAAAAAAAAAAAAAAAAAA
AAAAAAAAAAAAAAAAAAAAAAAAAAAAAAAAAAAAAAAAAAAAAAAAAAAAAAAAAAAAAAAAAAAAAAAAAAAA
AAAAAAAAAAAAAAAAAAAAAAAAAAAAAAAAAAAAAAAAAAAAAAAAAAAAAAAAAAAAAAAAAAAAAAAAAAAA
AAAAAAAAAAAAAAAAAAAAAAAAAAAAAAAAAAAAAAAAAAAAAAAAAAAAAAAAAAAAAAAAAAAAAAAAAAAA
AAAAAAAAAAAAAAAAAAAAAAAAAAAAAAAAAAAAAAAAAAAAAAAAAAAAAAAAAAAAAAAAAAAAAAAAAAAA
AAAAAAAAAAAAAAAAAAAAAAAAAAAAAAAAAAAAAAAAAAAAAAAAAAAAAAAAAAAAAAAAAAAAAAAAAAAA
AAAAAAAAAAAAAAAAAAAAAAAAAAAAAAAAAAAAAAAAAAAAAAAAAAAAAAAAAAAAAAAAAAAAAAAAAAAA
AAAAAAAAAAAAAAAAAAAAAAAAAAAAAAAAAAAAAAAAAAAAAAAAAAAAAAAAAAAAAAAAAAAAAAAAAAAA
AAAAAAAAAAAAAAAAAAAAAAAAAAAAAAAAAAAAAAAAAAAAAAAAAAAAAAAAAAAAAAAAAAAAAAAAAAAA
AAAAAAAAAAAAAAAAAAAAAAAAAAAAAAAAAAAAAAAAAAAAAAAAAAAAAAAAAAAAAAAAAAAAAAAAAAAA
AAAAAAAAAAAAAAAAAAAAAAAAAAAAAAAAAAAAAAAAAAAAAAAAAAAAAAAAAAAAAAAAAAAAAAAAAAAA
AAAAAAAAAAAAAAAAAAAAAAAAAAAAAAAAAAAAAAAAAAAAAAAAAAAAAAAAAAAAAAAAAAAAAAAAAAAA
AAAAAAAAAAAAAAAAAAAAAAAAAAAAAAAAAAAAAAAAAAAAAAAAAAAAAAAAAAAAAAAAAAAAAAAAAAAA
AAAAAAAAAAAAAAAAAAAAAAAAAAAAAAAAAAAAAAAAAAAAAAAAAAAAAAAAAAAAAAAAAAAAAAAAAAAA
AAAAAAAAAAAAAAAAAAAAAAAAAAAAAAAAAAAAAAAAAAAAAAAAAAAAAAAAAAAAAAAAAAAAAAAAAAAA
AAAAAAAAAAAAAAAAAAAAAAAAAAAAAAAAAAAAAAAAAAAAAAAAAAAAAAAAAAAAAAAAAAAAAAAAAAAA
AAAAAAAAAAAAAAAAAAAAAAAAAAAAAAAAAAAAAAAAAAAAAAAAAAAAAAAAAAAAAAAAAAAAAAAAAAAA
AAAAAAAAAAAAAAAAAAAAAAAAAAAAAAAAAAAAAAAAAAAAAAAAAAAAAAAAAAAAAAAAAAAAAAAAAAAA
AAAAAAAAAAAAAAAAAAAAAAAAAAAAAAAAAAAAAAAAAAAAAAAAAAAAAAAAAAAAAAAAAAAAAAAAAAAA
AAAAAAAAAAAAAAAAAAAAAAAAAAAAAAAAAAAAAAAAAAAAAAAAAAAAAAAAAAAAAAAAAAAAAAAAAAAA
AAAAAAAAAAAAAAAAAAAAAAAAAAAAAAAAAAAAAAAAAAAAAAAAAAAAAAAAAAAAAAAAAAAAAAAAAAAA
AAAAAAAAAAAAAAAAAAAAAAAAAAAAAAAAAAAAAAAAAAAAAAAAAAAAAAAAAAAAAAAAAAAAAAAAAAAA
AAAAAAAAAAAAAAAAAAAAAAAAAAAAAAAAAAAAAAAAAAAAAAAAAAAAAAAAAAAAAAAAAAAAAAAAAAAA
AAAAAAAAAAAAAAAAAAAAAAAAAAAAAAAAAAAAAAAAAAAAAAAAAAAAAAAAAAAAAAAAAAAAAAAAAAAA
AAAAAAAAAAAAAAAAAAAAAAAAAAAAAAAAAAAAAAAAAAAAAAAAAAAAAAAAAAAAAAAAAAAAAAAAAAAA
AAAAAAAAAAAAAAAAAAAAAAAAAAAAAAAAAAAAAAAAAAAAAAAAAAAAAAAAAAAAAAAAAAAAAAAAAAAA
AAAAAAAAAAAAAAAAAAAAAAAAAAAAAAAAAAAAAAAAAAAAAAAAAAAAAAAAAAAAAAAAAAAAAAAAAAAA
AAAAAAAAAAAAAAAAAAAAAAAAAAAAAAAAAAAAAAAAAAAAAAAAAAAAAAAAAAAAAAAAAAAAAAAAAAAA
AAAAAAAAAAAAAAAAAAAAAAAAAAAAAAAAAAAAAAAAAAAAAAAAAAAAAAAAAAAAAAAAAAAAAAAAAAAA
AAAAAAAAAAAAAAAAAAAAAAAAAAAAAAAAAAAAAAAAAAAAAAAAAAAAAAAAAAAAAAAAAAAAAAAAAAAA
AAAAAAAAAAAAAAAAAAAAAAAAAAAAAAAAAAAAAAAAAAAAAAAAAAAAAAAAAAAAAAAAAAAAAAAAAAAA
AAAAAAAAAAAAAAAAAAAAAAAAAAAAAAAAAAAAAAAAAAAAAAAAAAAAAAAAAAAAAAAAAAAAAAAAAAAA
AAAAAAAAAAAAAAAAAAAAAAAAAAAAAAAAAAAAAAAAAAAAAAAAAAAAAAAAAAAAAAAAAAAAAAAAAAAA
AAAAAAAAAAAAAAAAAAAAAAAAAAAAAAAAAAAAAAAAAAAAAAAAAAAAAAAAAAAAAAAAAAAAAAAAAAAA
AAAAAAAAAAAAAAAAAAAAAAAAAAAAAAAAAAAAAAAAAAAAAAAAAAAAAAAAAAAAAAAAAAAAAAAAAAAA
AAAAAAAAAAAAAAAAAAAAAAAAAAAAAAAAAAAAAAAAAAAAAAAAAAAAAAAAAAAAAAAAAAAAAAAAAAAA
AAAAAAAAAAAAAAAAAAAAAAAAAAAAAAAAAAAAAAAAAAAAAAAAAAAAAAAAAAAAAAAAAAAAAAAAAAAA
AAAAAAAAAAAAAAAAAAAAAAAAAAAAAAAAAAAAAAAAAAAAAAAAAAAAAAAAAAAAAAAAAAAAAAAAAAAA
AAAAAAAAAAAAAAAAAAAAAAAAAAAAAAAAAAAAAAAAAAAAAAAAAAAAAAAAAAAAAAAAAAAAAAAAAAAA
AAAAAAAAAAAAAAAAAAAAAAAAAAAAAAAAAAAAAAAAAAAAAAAAAAAAAAAAAAAAAAAAAAAAAAAAAAAA
AAAAAAAAAAAAAAAAAAAAAAAAAAAAAAAAAAAAAAAAAAAAAAAAAAAAAAAAAAAAAAAAAAAAAAAAAAAA
AAAAAAAAAAAAAAAAAAAAAAAAAAAAAAAAAAAAAAAAAAAAAAAAAAAAAAAAAAAAAAAAAAAAAAAAAAAA
AAAAAAAAAAAAAAAAAAAAAAAAAAAAAAAAAAAAAAAAAAAAAAAAAAAAAAAAAAAAAAAAAAAAAAAAAAAA
AAAAAAAAAAAAAAAAAAAAAAAAAAAAAAAAAAAAAAAAAAAAAAAAAAAAAAAAAAAAAAAAAAAAAAAAAAAA
AAAAAAAAAAAAAAAAAAAAAAAAAAAAAAAAAAAAAAAAAAAAAAAAAAAAAAAAAAAAAAAAAAAAAAAAAAAA
AAAAAAAAAAAAAAAAAAAAAAAAAAAAAAAAAAAAAAAAAAAAAAAAAAAAAAAAAAAAAAAAAAAAAAAAAAAA
AAAAAAAAAAAAAAAAAAAAAAAAAAAAAAAAAAAAAAAAAAAAAAAAAAAAlJ2fmZ2fnZ2coJ2cnZufl5Wf
nZ2cl5efmZecmZucnZufoJ6cmZ2lnaKooKausKuxq7O8s7m/ur3EuLrEs7zHtbrEs7y/rra/uLi8
s7m/uLm6tbzCurbCs77Ctby/tbTCtbO/uLzCuMC/uri/tbi/uLi8tba6uLq8rrS/s7a6tbG3s666
rq23sLS3s7a8qKqurquusK6usKiuuK6urrC3s6u0s7Cxs7C6sK60s7G0urC6tbixsLa0uLm6uLi3
sLa6tbO3uLS0uri6tba8uri8vLq8vLm8v7jCurq8tbq3v77CvLq8v7m/xLq/vL2/urzCv7rExL7C
wb3Cv72/xL7Cwb7CvL7Cv8DCv8TEwcDCvMPHv8fExsfCv8DHwb7JxL7EyMbExMbCvMPExMbHxMHH
v8PJwcTJwcbJwcbExMTHwcDExsPExsbHxMHHxMTHy8bJxMbHxsbHz8fJxsbJzcvJwcTMxsnJxsPH
v8PHxsjExsbJxMfHyMHMyMHJxMbHxs3HxMjMxsbMwcDHxsfOvMjHwcTRwcjMyMbJxMPEyMHJxsjE
v8DJyMPHuMHJxsbEwcTHv8bHvL3JxsbEwcPExMnEwcTHxMPCv8HHwcDEwb3CxMDEv8G/tcDCusDE
v76/vMO/uL7CvMbEvL6/vMDCuLrEwby/vLjEvLy/tb6/v728urq8s7rCurnCuLTCsLq/s726sLm8
uLm6s7a0s7i8uLa8uLa3uLS6tba6sLa6sLC6rra6sLO3sLO3tbO6s663rrO3lJucmZucmZ2lmZ6c
mZuilJufl5mcmZuZl5ufmaCcnZucoJ6roKClnaKooqauqKixq7O6sLbEs73Hur7Ctb2/uLjCs7O8
rra/sLS6tba/s7a6uLS6uLjCuLrCuL28uLnHurq/ur3CuLzCtbnCurnCuLq/tbS/tbC/tbjCtbS0
s7O0sLa6rrS6q620tbG0sK6orq2urrCxrq60sLOrs7GrsLC3s7G0s7GxsLCxuLC0tbOxtba6tbS0
tbS/tbSxtba8tbq8uLm3s7q/urm8uLq3vLq/ury0vLnEuLy/vL28ury/v8G8vMDEurzHv76/v7zE
v77Ev8G/v8G6wcDEwcHExMDHwcDExMTCv8PCxMDCwcPHwcO/xsDMyMfExMHEwcS6xMTJyMTHxsfH
xsfJwcTJyMfHxMfHxMbMxsfExMPMxMfCxMHEyMDJyMjJyMPExsfHxMbExsfMxMHJxsa8xsbJwcbM
y8bMy8fJy8nOy8vJwcjJxsvHy8fMwcbEyMfJxMnHxMbJwcPEwcfOwcfExMPHyMTHxsbMwcPJxsTC
xMHHxsPJxsbHxsbCxsTMxMbHwcHCxL7JwcTJxMPEwcPEwcS/xMPEvMTEv8PMwcDJv7zHv73Cwb26
vMTCv77EvMS6v77EvL3Cwb7Ev7nEury/usC8uLrHur7Cury8usC/uLy/tb3EvLq8urq8uL28uMC8
uLq6uLnCtby/tbjCtbi8s7nCtba/s7i3s7i6tbS0sLaxsLS8tbS6sLG8ta23s7S8sLG6kZufmZ2Z
l5ufl56cmZ2fnZucnZucnZ2imZuil5ecmZ2fnZ2cmaKfmaCinaWrq6Wuq66/sLG6s8DCur3CuL28
sLzEsLS0q7O6q7S3q7G8sLO6s7m0tbm8tbm8tb68sLm8tb26tby/tbm8uLi/ury8s7bCs7i8uLTE
s7i6tba6ta63s7O3s7Oxrra3sLC0rrC3sLG0q7Cuq62isLGxs66xs7CutbO0sLO6s7G6uLG3sLG6
uLO0sLa8uLa0urS3uLS6uLi8tbq0vLi6uLy/urzEvLm/uLq/vLq6urm/vL26vLrCv76/v7y0vLy6
wb6/v77CwcDMv8DEv76/wcDEvLq/v8HCwcTEwcfExMO6xMHExsbEwcO/xsG/vMfCxMTMxsTCxMPM
wcO/wcTEyMvHwcPCxMbEyL7JxsfExsbRyMbMyMjHxsjRxsfJxMbJxMPJxMnMxsbMxsbHxMvHxMfH
xsS/xsnJxsfOxsfMy8PHyMbMxsbRy8vJy8TJyMfCxsfJyMjHxsfOxszJxsfCxsfEy8jMxMTJxMTE
yMDMwcbJxsPJv8bMxsbMxsbHyMPJwcfRxMPCxMjEwcbHxMHEwcDHwcPHwcPMwcPJxMPCv8HCv8HC
wcS/wcPJv8HHwb7Ev8HCvL7EwcC/vMHCwcHCv77Eur26vLzCv77CusC8vMTEur2/urzCvLzCuLm8
uL68tbq/uLrCtbm8s7O8uLq/uri8uri6s7q8tbi6uLa/uLO8sLG0s7a8s7i3sLi3s7G3sLSurrGr
l5ufnZeimZefnZ2fnZ2ll52flJucnZ2il52inZmfnZ2onZucnZ2fmZ6foqCioqWoqKaurrS3uLm/
urm/s7q8tba6rrS6q6q0sLC0rrC3sLC0rrO3sLC8sLi6tbm/tbzCtby/tbzCtbjCuLO6urq8s7jC
sLa8tbm8s7G6tbC8uLO3sLa6sLq3sLS3rrGxqKqxuLC3q66xsLC0rrC0rrCxsLa3rrCxsLG0sLO3
uLS3tba3sK60uLa3uLa8uLS3tbi3urq6s7a8urm3uLy6uLO/vLq/v7bCuLy8wby/ur2/wb28vL2/
xLa/v77Cv8G8v8DEwb3Ev8DCwbzEv8PCvMHCwcHCxL3CxMPCwcPCwcTHvMHHxsfCv8PHxMDMxMHH
xMPHwcHHyMjHxsbOxMbJxsbHxMjJwcTHyMHMyMfJvMfMyMTMxsHJvMTHxsbExsTHyMfJyMPJyMfH
yMjJyMfJyMjJy8jMzcjEyMnHy8fHy8bMxMnOyMfHyMjMxsvJwcbOy8bJy8bJxsbJy8zMxsjJyMfH
yMbJwcTJxsfHxsbExMnExMnHy8nMxMPMwcTMxL7HxMjEv8TJwcHHxsbJv8TEwcHHxMa8xsPJxsTH
xL7Jv8HHwcDJv8PHv8bEvMHEv7zEvMDCwcHExMHEs8HCur3Cwb3JwcDCwb3CvLzHv7q/vMDCuL3E
ury/uLi/vL28uLm8uri/ury/s7rCs7a8vL3CuLq6uLm6uLS8s7i/s7i/s7i8rrS3s7i6tbm6sLS6
s7S6sLi6maCfmZucmZ2inZuimZ6cl52fmZuimZ2fnZ2fmZecnZuZnZufoKCinZ2rnaClpaOrpai3
q66us7a/s7m3rrC0sK68rq20q62urq2uq66xqLOuq663q7O3sLS0sLq6tbnCuLq/tb6/tbq/tbm8
uL66urm/uLi3uL28tbSxs7a8tba/s7S3sLS8uLO6rq2xsK6usLCxrrO3sK60tbC6sLO0tbGxsLa0
sLG3s7S8sLS8sLO0tbi6s7S6uri3s7O3uLS6tby3vLq8urq6urrEv7q8vLnCurq/uL2/wbm8v728
vL3Hv77CwbzJv7zCur7Cv7zCv8G8v8PExMC8xMG/wcDCwcDMxsPEwcPHwcO/v8O/xMbEv8HCxMS/
xsfJxMbJxMfHxsPExMTOyMfCxsDJxsPJyMfExMPJxMfMxsbHxMfHxsfMxsnCyMvHyMjMyMfJyMjM
yMjMyMjMxsjJyMfRyMnHxsjJy8fHyMfHyMzEyMjHy8fJxsnMyMbRyMnJzc/Jy8jMy8jOyMDHxsfJ
xsnHxsTMy8jOxMbHwcHJxsfMxsTMxsTHyMPExsbJxMbJxsTExMbHv8jHxMbHxsbRxsDJxMbOvMPH
xMfHxMPHwcPHxsDHv8PHv8DHwcDCv8HOwcPHwcG/v8O/vMDEv8HEv8PMusPEur2/ury/vL6/vLy/
vL7CvL3Eur2/vLzCur28uLq8uLy8uLq/uLy/uLq8uLi8uri6tbm6tbrCura6uLi8tbi/s7m6tbS8
sLS3uLa8rrS8sLS8maKcmZ6lmZucnZ2fl5uil52cnZulnZucmZuonZmcmZuil52ioJ6foJ2inZ6o
oKKroqioqKu0sLO8s7S/rrGxqKu3rq6uq6quq6qxqK60q62rq66xs7G3tba6urS6tbq8tbm0ury/
ur6/tbrEvLnCtbm6tbjCs7i6s7S8sLi6s7i3sLO3tbC6tba6rrCxrrOxsKu0sLO0sLGrsK60s7O0
s7G3sLC3rrO8s7axtba6uLO3uLa3v7i8uLmxurq6s720uLi6vLy3vL28ury/uLm6vLm6vLq/v7rE
vMG3ur28vLm/wbrCvL7Cwb68vMTEwcC8v8HCxL3ExMDEwcHExsHHxsO/wcHCxsPEwcHHxMTEwcTH
wcHExMPHxMjHxsbHy8fJyMbJxsTCyMTCxMbMyMfJxsTExMfJyMfHy8jJzcbRxsfJyMfMy8bJy8nO
xsfHy8fJy8vEyMnJyMfExsnCyMvJyMTJy8nCy8nRxsbJy8nCyMvHxsTHxsjOyMnJyMjHy8nJyMjM
xMnRxsfEzcbMyMTMxsfHxsfJxMbJxsfJy8fMxsfHxsfWxsbHyMbHxMfOxMbHxsHMxsnCwcTOyMHE
xMbJwcbHwcjHwcTMxMPCwcTHxMHJwcHJv8TJv8HCwcPHvMPHv766v8DJv8THwcHEvMHEwcPCvL68
vLy/v8G/wcDCuMC6urzEvLzCvLzEuL3Ctbq0ury8vLy/urq8uLi3ura3tbm0tbi3tbS6tbS8tbq6
uLa6sLS/tba/sLG8sLS6s7S3l52fmZmfnZ6cl5ufl52fmZmil56cmaKcnZuZl5ufmZ6cnZufl52c
nZ6foJminaCioKOorqqurq60qLC3qK2xq620rq6xpaqxq6qupaqrqKqurq2uxs3W4uvuvMHHs7S8
vLm8tbq8ury8uLnEvLm8s7jCuLa8rri3sLS8rri6s7a0sLi6s7i3tbO3rq6xq7Gus7Gus623tbC3
q7G3s7O6s7C0tbS3sLGxta60vLS0s668tbi8sLa6ura8urO8tba8uLy6uLm8wbm6vLq6v7q/urq/
vLrCvLrCuL6/v7zExLzCuLy/vL6/wcHCvMDEwcPEv77CzcDCxL3CwcG/y8HExsPHxL7Cv8TCxMTJ
xMHHxsbJxsjCxsfMyMPJyMjExsTHzcjJxsTJxsHMy8jExMbJy8nOyMfMy8nJzcvEy8jHz8fHyMbH
wcbMyMTMxsfOy8fJxsvMy8nJy8fMxMjExsjMzczJxMPJy8fOy8nOzcTMzcbJv8nJxsTHz8vOy8nJ
xs3MyMjOwcvMxsfMzcPOxsjMy8TJyMfMxsjJy8fMyMTMyMjHxMzJwcbJy8fJxsnJxMfJyMfEwcfM
wcHHzcfEyMjMxsTEwcbJv8fHwcHCxsS/xsbJwcTHwcPEv77HvMDEv8PJv77Cv8HCusPCwcHEv77E
uMDHur7EvL3Cv8DCur7CwcHCwb7Cv7q/vL7CuLy/tbjCuL7Cury8uLq8uMC8sLm/tbi8s7a8v7q6
uLm/sLi8tbi/s7a8uLa/sLm8tba8s7O6nZ2ioJ6imaCfmZ2inZ2fmZulmaCcl5ufmZ2fmZuimZul
oJ2inaCioJuloJ6fnaCfoKWfpaauq66uq66rqKirq62uqKqxqKqroqiuoKirpaa3q7C33ODm4uvu
5uv1xsjMuLS/s7m8uLy8tbzMtbq/uLq3tbm/tbm6s7a6tbS3s7a3uLPCs7a3s7G3rrCuta6urrar
s7Gxs7G0tbO0tbS3tbOxuLS3s7G3tbS3sLO6tbS6tbS8uLy6urjCtbi3v7y8uLm6uLy6vLa8ury8
v728uLy6ur26vL7EvMG/ur3Cv73Cv726vMC6v77Ev7zCwcDCv8G/xMPEv8HHxMPCxMnJv8bCxsbE
xsbExsTCxsTEwcbJyMTHxsfCxsHJyMHMwcbCyMTJxsfJy8vHyMbHxsnHy8bMxsTMxsjJxsnJy8nR
yMnMy8nHyMfMyMnMyMnEzcnOyMjEy8jExsfMy8nJyMjHy8zHzcjYy8nTyMnHyMnMy8bMyMnOxsvM
y8jHzczJwcfHy8vHy8nOyMzMyMnMyMjMyMjOxsjJy8jMyMbHyMfCxsfJy8jRxsfMwcPMxsfEyMfJ
yMPHv8TOxsbJxsnJxMTHwcjExMPMxMbHwcbCxMbHxMjHv8PJxMbHwcTEwcTHxMbJv8PExsG8xMDE
v77OvMHHv8PHvL7Jv8HCusC/vL7CvMDEwbrCvMDJvLy8uMC8ur66ur3Cur6/uLy3uLq6s728uLzE
uri6urq/sLi0tbi8s7G/uLi/tba/uLO8tbS3s7O/oqOlmZuloqCfmZ6fmZ6il52ll56inZ2il52i
nZefnZufmZ2ZmZufoJ2lnZ6imaClnaCioqOoqK6rq6qrpaqupaurpairpailpaaxoqWupaalxMzY
3ufu5Or75Or35Oz1ur68tcC/uLy6urnHuLy8tba8tbm6tba/tba6s7S3sLi6tba0tbO3sLC0sLC3
s7C0sLC3sLG0sLG6s7S6tbG3tbO0s7SxsLO8tbO6tbO0ura3tba0uLi6vLa0ury6urq/ury8vLq6
uLm/vLq8uLm8wb28uL68ur3Cv7zEwb28v726vMDCv8PCv8PCxMDEwcO/v8DEwcPCxMG/xMDCwcDC
xsTExMbCwcTHv8O8yMfHxMTHxsPHxsfOxsPOxsbMxMbExMfJxsbJyMe/xMjMxsfMy8fHxsnJyMvE
y8jMyMfMyMjJy8nJz9DMzci/yMvExtDMy8zOyMvOxsjHyMvTy8vTy8vRy8zEy8fJyMvJzczEyMfJ
yM3Oy8nMyMnMzcvJy8nExsnJy83JyMvCyMvRy8nOzcfMy8jHy8vJxsvJyMbTy8PMxMjMyMTOy8PJ
xsfJxsfHyMnHxMjJxsPExsHMxMPJxsnMy8PExsHOwcPMxMfEwcTExsbJwcjHxMG/xMTJxMbHwcDE
wcDEvL7CxMHJv8PJwb7EvMC/v77ExMG8v77Cv72/vL7Hur6/vMDEurrCvL68uL3EvLq8urrCtbrC
tb2/uLq6tbi/sLa8uLrCuLa8s7a/tba/sLa8sLq0s7S6s7S3uLa3naKfmZ2lnZ2inZufnaOcmZ6f
nZuimZ2coJufmZWfmZefl5ufop6loJ2foJ6ioJuomaCooKWroqWuqKaroKWooKiloqiroqOopaWo
rrOx3urz5uv35Ofz4u334uz55Or3tba8urzCur6/uLa/s7S8s7S0uLi8s7a8tbq6tbO8tbG6uLm8
tbGxsLO0sK2xsLCxrrSutau3tbG6uLG0uKquurS0sLi0uLC0s7S6uLa3uLa8uri6urq6uri8uLi6
uLS8v7m6urzCuLzEuL68wb3EtbnCv8PCxLy8wca/vL6/wcG/wcC/wb7CwcO/xL7ExMHEwcTExsbH
xMPExMbCxMjJxMTHxsfHxsPExsPHxsbJyMHJxsfHwcPHxsTMyMPHyMjJyMvJyMTMyMbJxsTJzcTO
yMjJz8nOy8nMz8nMyMjJyMjTyMzOzcTJyMfJxszMy8vRzcnOxszOz8nJzcjJy8nMyMvOyMPHzcnJ
yMvJxszRxMfOzcTJyMfJyMnJyMfMy8vMy8vMxs3JyMvHxsfOy8HOy8jMyMfMxsjJxsTJzcfJxMzJ
y8jExsbMzcDMyMjM0sjHxsbMxMfHxsfHxsHHwcbCwcbHwcjMxMTMv8PJv8jHwcHHwcHHyMHJwcbJ
wcPJxsjHwcHHv8bEwbrJxsTEv8HCxsPHwcTHxsPEvMTEwcTCusDCwbjEusG/uLzEurm/ur7CwbzC
urq/vLnEuLzEuri6uMDHvLy/tbPCtbq/uLq/tbS8s7m3tbi6s7O8sMC6naWloJ2fmaKcl56onZ6o
mZ2inZminZ6cmZucl5mimZ2VmZ2lnaKinZ6foJ2inaOloKKfnaClpaOooqaloqOopaCioKWopaiu
qKiooqWr0tno5ubs4u3z5O755Oz35unz5O33zdPTtbi6tbnCtbq8ury/tbi/ura3tbaxtbqutbS0
tbaus7a6sLausK60tbG0s7G0s7OutbCrs7G3tbG3uLS6s7O0tbS6tbTCs7m0s7O3uLq0ura6uLm3
urrCtbq6vLq8vL3Cury8vLrJvL6/wcS8vL68v8DEv7rEurzCv8C8xMDCwcHEv8S8xMbJvMG8xMPH
xsS/xMPHxsTJwcPHxMPHxsbHyMHMxMfHyMfJxsbCxMfHyMHJyMfJyMjOxMjOyMfHxsnJzcfJxsjH
xsnOy8jHzcvHyMvEy8vOyMnMy8nJxsnHyMvJy8nOy8jHzc3MxsjMy8zOy83Oy8jJyMzRy8nOyMnM
zcvRzczTy8/Oy8jHz9DOyMzJyMzJzc3Ry8vOy8nOxMTMxsnOy8nOzcnJy8nJy8nJyMnMzcjMy8nJ
xsTOy8fOyMbRxsfMxsjJyMnMy8/JxsjEyMjJxsjHyMTJyMjMy8TMxsjExsTJwcHHxMbRxsfMxsjJ
v8a/xsPHxMPHxsTHwcTCv7rEwcG6wcPHvLrEv768vMG6vMTHusHJv8DJv8TCv76/v73CvLzEur3C
vLzEvLrEur28ur3Eur3JurzEv7q6ura/tbq6tbm8uLm8tba6uLa3sLa6s7a3s7i8sLC3naCioJ2c
oKOinaCinZ2inZ6lmZ2fl52fnZufmZ2cmZmcmZ2lnaCfnZ2ioKCinaKlnaCimaKooqCuoqWioqWl
paOuoqWonaWirqir2uLs5ub14ufz5O315uz15unz4uru3ubuuLa6uLm8s7y8uLa/tba8uLq/tbS8
s7a6tba3tbS8s7O3s66xsLOxsLOxuLG3tbCxs7SxurG6tbS6s7a8urOxura6uLS0uLi3tba8uLa8
uLi8vLq/urq0urq8vLnEv7zCurq/v7rEvL3Ev76/vLzCwbq6v7zCwcC/vMC8wb7CxsC8xMC8xLy/
xMHJxMPHv8TCxMPEwcHExsa/xsTHxMTJxMHHyMfJyMfJy8HJxsfJyMTHyMnCxsjEyMnJy8jMyMjJ
zcfJxsfJxsjJy8fOz8POy8jEyMvHy8zJyMnTxsjEyMnOzczOy8zOzcfMzcvHy8bJzcnOyMvRy8vR
yMjMyMzOy8nHy8nMyMvOy8nHy8bRy8nMy8zJz8/MzcvJy8vRzdDOy8nJyMzJy8jRyMfJyMnMzc3M
yMnTxsfHyMfOzcnEy8jJyMnJxsfOyMjEy8fJxMfMxsjMyMDJxsnHy8fRy8zOyMPOxsjExMDJyMjJ
wcTCxMbMxMPExsPHwcfHxMbHxMPOvMPMv8PCxMDCxMDCv8PJwcG8xLzJv8G8v8HEvMDJvL7Eur28
v77Eury6ur3Cv76/uL3HuL3HvLrEur3HuLy8v7nCur23uLrEs8C/urm6sLS/s7S6tbjCs7m3oKqo
nZuimZ6imZ6imZ2cnZminZuimZmfmaCfopucoJminaCfoJ6foKCioJuooqKfnaKfop2inaKinZ2l
naKooqOooqCloKOinaCixtLh4ubx2OHu4OH14OX15ur13uvz4uf15Obu2Nzms7TCs7m8tbO3s723
uLm8uLa0tba6sLi3tbi3s7G3sLG3sLGutbGxs7CxuLO3sK6xtbS0tbG3tbi3tbO6s7O3vLq8vLm3
uLm8uLm6wby6v7m8uLS6tb28ur26uLm/wby8vL2/ur7Cur2/v7nCwcC/urzExLnCwb2/wcG/wcTH
v7zCwcHCvLzExMfHyMPHxMfExsHExsTHxsnHxsHHy8jJxsPCyMbExMfMxszMzcbHyMfJyMfMyMzH
xsjMxsHJz8vMzcvMzcTOyMfHyMjJy8nMyM3HzcnMyMfOyM3OxsnMz8DJz8bMxMvOzcbMz8vOyMzO
yMzMy8/JyMvMz8/Oz8nOyMfMxszTzdDOxs3M0sjRyMTOy8zRzcjRy8jTzcvMxsbMy8zTzczRxsjJ
0s/Jy8nJzc/TyMnHwczMy8zWyMfMxsfMxMjOyMzOwcvHxsnRyMbMy8bMy8nMy8bR0sfJyMfOxMjC
v8fHxMnExsPJxsPJyMTJxMDJxMTHwcTHxMbHusTMwcPJxsDHwcDEvMPJxMHCv8DEv8PJv77JsMDC
urzCv77HvL7Cwb68vLrCvLrEvMDEvMDCs73CuLy8uLzCv7y8uLi8tbm6rrm8uLm3uLa/uLi6s7a/
tbm6naWlnaKlmaOlmZmlnZ6cnZ6fl56lmZ2fop6ioqCcmZ2imZulnZ6coKCinZ6foqCimaOlnZ2l
oKWfoJ6coKKfnaOioqKfoKOlpaKo3Ofu3OTz5Orx4ufz4Oz35ubx5Orz5Or34O3z4Oruz9Las7G/
tbbCuLa6tbi/tbS/tba/s7i8tbq/tbGrrrOxs7G0uLOxs7O6s7O6tba3sLO6tbOxuLS6tbi6s7i8
s7a3vLjCuLa8uLmxvLa/urq/vLrCvLS8vLq3ury8vL6/ur63vL2/wb3Ewb6/v77Cv8HCv8DCxL7E
wcPCxMHHxMTHyMbCxr7CxsHJxL7JxMO/wcPHxMbEv8bCxsbMxMPHxMbHxsbExs3HyMfMxsjMxsPM
xsbHxsfMyMnHzcfHy8fJy8zOy8fMy8jMxtDOyMnHyMnTzcbJzcvOy8zJ0sjOzczRzcvMy8nRzcvM
zcvRxtDOy8vMzc/JzczTz8vHyMvRzcfMy8vMz8vMz8nJz8nJzcjTxsjMy8nRzc3MyM/My8vTz8vM
y8zRy8vJxsjOxsnJy8nJy8vTzdLRzcvJy8zRy8bOy8nHyMjEyMvRy8jHyMjJxsfOxsTMxsjJyMfJ
yMbHyMfJwcTRwcfMyMbMwcjHxsbExMbOxsfOxsbHwca6wcHOwcTHv8PRxMHJxMHHwcPHvL7Jv77E
v8DEv8fEvL7Jv77Ev7zCvMC/ur3Cv7zCusC8urq6ur3HurrEur68uL2/uLy/tbm0uL66uLy8tbi/
uLi8tba8s7i/g4KDkZKVg4aHf36Dg4SHkZSVmaOlnZucmZ6ZmZ2fnZ6ll5ucnaKioJ6lmZ6coJmi
nZ2VoqCinZ6fnZ2foKCfop2foqKloqClv8nW3uTu4OHs2uDq4Onq4uz34ub15Ovx6Orx3urs5unz
4uXotbm/s7i8uLi8uLi6s7ixuLi6s7i6tbi6sLC0sLG0uLCusLC0s7G0tbaxs7i6s7S6s7axuLa0
uLq8tba6tbS8urq0urq0urm8urm8vLi8ur3HvLq8v7y8v7rCusC/uL2/wb6/v72/wb28wb7CxsHE
wb68wcDEwcDHv8C/xMG/yMnCxsDHwcTExMTCxMa/xsbJxMPJyMbExMTHxsnJyMTMxsfOyMbEzcbH
yMfMxsvMyMzHyMvHyMzJyMbHyMnMyM3MyMzJy8jRy83Oy83EyMzOy8fRy8nJy8nMy83OyMvWy8nT
yMzMz8zJzczOzcjRz8nRz8zHy9DJyM/Oy8nMz8/Tz8zJz8zMz8zOy8vMzczOzc/RyMzTzczCz8/H
zcnTzcjOy8nMzc3Ty8zMy8zJy8vTyMvMyMvMyMzMzcjOy83MxMjOy8fOy8zMyMbMzcm/yMbMy8jE
yMfHxsfMxsjMxsjJyMnHxMbMy8bHv8jMyMbHyMfExMTHxMTCwcPJxMjHxMbHxsPCv8THxMHHxMPH
usDJxMHHv8DEur7Hv8HCvL3MwbzCur63v7zEuL3CvMDCvLrEvMC8ur3CuL6/vLTCvLq/urzCtbq8
uLnHtbrCs7a/uLa3tbS3dXqDfHyHg4KLkZeVkZSZeIKHf46ZoJuinZ6imZ2fnZelmaCimZ6imZ6f
nZ2imZ6ioJucnZ2inaCcnZmcoJ6foJ6fnaCltbnC3uLu4uLu5OHu4On14uT14Ozz6Or14OL16u75
4Onx5Ob15OHu097huri/uLm6s7a8tbq8s726uLa8s7O0tbSusLG3tbG0tbC0s7S0tbO6tbi3rrS3
uLS0tbS3v7S8uLG8vLm0uLm6urTCurS3tbrCvLq6ur66uLy/vL2/v8DCv7zCvLzExr6/wcC/v76/
wb2/yL7CxMO8xMHExMHEwb7CxL7JxMPCwcbCyMbJxsTHy8PMzcTOyMTHxsbHyMbMy8fHy8bMyMbH
y8bJyMfMyMvRxsvJzcfEy8zOz8zMzcnJy8PJxMnOyMjMy8nO1sjRzcjRz8vJzczOxszRzcvMzdDR
zcnJzczOxsvRy83O0svOzcjMz83Mz8/Rz8zOzdDT0szR0szMxs/Wz83Rzc3OxsvOz9LRzdDM0tLO
zc3OzcjOy8/Mzc/Mzc/RzcnOxs3MzcnRz8TOy8nJyMvOy8jHy9DJxsvOyMbOz8zJy8nMzcvRy8PM
xsjJzcvJxsjMxMfMxsbMxsfJzcTHxszOxsTMxMbJxsPOxsbMxMjHxMbMyMnCv8TJxsjJv8fEwcPJ
v8PHxMbHxMHHvMfJvMPCs8HEv8PJvMDEyMHEv7zCvL7HwcDHur6/vL6/tb7CuMDHusa/tbq/tbi/
urq6urm/s7m6tbm8urq8tbi6s7y8eH6DcHWDdXqDmZuioKCilJeZfISHl5eZoKKcnaKimZufnaCi
nZufnaCcmZ2loKKioKCcoJufnZmfmZ2loJ6ioqCizdPT3ubz3ufs3uXq4ubs3Onu4Oru5un14unx
5Orz3un55ubx5Ozo4Ofo3OnsyM3Rs7O3uLm3tbSutbi3s7S6tbGxrrCxs7G3s7G0rrGuuLa3uLO3
s7O3ura3tbi8uLixura6s7a0urm8uLa3vLy8uri3v7q8urm8vL23tby8vL68v763vMG/v8DCvLq/
wcDCv8C8xMC/xMHCv8C6xMC0xMbCxsHEwcTOvL2/xsTHyMO8xsjOy8PJxMfHxsbEyMHOxsbOy83J
xsPJxsjOxsbJy8fEyMfHxsnOyMfJyMvJxsvMxsvMzcvOy8fRzcjJy8vJy8jMy8zTzc3Rzc3O0svR
y8nRz8fOyMvJyMjMy8nOzczHzczOy8jMy8zOzc/Rz8zO0szMy8vRz83Mz8vMyMzJzczRz8vRz83M
09DOy8zMzc3RzdDMz8zTz8nMyM3Ty8zMzczOzc3Oy8zMyM/RzcvRy8zOxsnRy8fOy8vTy8zRy8fJ
zcfHyMvRy8vOyMfJyMnJy83JyMjMxsfOyMbJyMPOxMfMyMfHxsbJxsnJxsfJxMTMxMfExMfOwcbH
wcHRwcTJwcTHwcHEv77EwcHHv8TJv8PJv8PHwcPHvMS/vMDCusDCvMPCur2/ur7JvLzEvLy/ur68
vLzCur6/tbm6uLjCuLnHtbrMuri6tbq/uLzEeHqDaHB3dXV3mZecnZ6inaCZcGx/jZScnaCfoqCl
naCcnZ6fmaKioJ6cnaCimZ6foJ6cnZuinZucmZ2fnZ2cy9rf4OLs4OL32uDq3ubq3OLu4OTx4uXu
4uXz5OXq4uTx5Orx4uvs5Or14ubq5unx3uTstby/s7m6sLi0tbS3tbq8tbS3q7CusLi0s7ausLG3
s7G0uLO3tbSxtbm6tbS0tbixvLC0uri3tba8urq3vLq/urm/ury8v7y6ury/vL66v73Cur2/vL7C
wby8vL7Cv8G8v8G8v8DCv8HCv8O8xMDHwcfHxMPCv8PHv8fCxsHExMG8zcbHwcfJxse8y8HHyMbO
yMbEyMfHyMbRyMvMyMnOy8fJyMjMzcnMy8jHy8zJy9DJy8nOy8fMyMvOzczJz8jJzcjMzczMy83O
z83MzczOzc3T0svOzcvHy8vTzc3Oy83MyM3Ry8nOz8zT0szMzczRzczOz8vMy9DRy83O0szOyMjR
y8zOz8zRzczOxszMz83MzcvTzc/R0s3Mzc/Ry8zMzc3Oz9DMy8vJzczMy9DTyMvJyMjMy8zOy8vR
yMjJyMjMy8jMyMnRy8bRy8bMy8vRxsnOyMbJxsfJy8jOxsjRyMjExMPHxsfJxMjMwcTOxMnRxMfR
v8HJxMTHwcbHxsTJxMbCxsbMwb7Ev8PEwcG/vL3Mv8G/v8HCwcHCv73HvMDCv7zEusC/vL7CvL7J
vMC/uL2/vLrEury6ur2/uL2/tbrEuLq/tbi8tbjCtbq6lJuVY2dufH6DjZKZnaKlop2ffIKDipSc
l6CflJ6fmZ2ioKKiop6fnaKioJuioKCflJuZmZecmZufqKKo0tzm3uXu2uHq3OXx3Ofx3OTo4ufz
4OTx2t7x5Or73Ofu5Ovx4Ofu3ufu5unu5Ovx5OTu3Obx0s/drra6uLO6tbi/urq8uLG0rra0s7G0
sLO3tbi6urG3tbm3s7G3sLS6uLa6tbi0tba0tbq3uLm8tby6urS8vLq3ury8vLnCwb7EvLq8vLq8
vLq6wbzCv8O/v77Cv72/v8G/v72/xsHExsHExMbExsHExsDCv73HxsPExr7ExsTCyMbEyMPHyMHH
y8jHyMPEyMbMxsnHyMPOyMjHy8jMy83My8bMy8jMz8fJy8zJxsvJz83Rzc3JxM3O0svO0s/JxszO
y8vOzcvRxszOzcTMz8vOy83MzdDOzcnRz8zM1s3R0s/My8/Mz8zT0sfRz9DM0szR08vOzcvOz8/O
z9LRz83Rz8zO0s/Ozc3Rz8jTxtDOz83MyM/RzcjMyMvOyM3TzdDOy8vOzcnRyMfOwczRzdDOzczR
xMnMy8zRxsnH0svJyMvOy8jOxsjOyMnOy9DMv8nJyMbMyMnOxsfJyMnJxsTJz8bMxsnOxsjOv8nH
xsjHxsvMxMfEy8fHxMPJv8TEwcHHv8PMwcTHvMHJv73Ev8PHv8bHv8bExMDEv73CvMTCurzCwb3E
usC8ur3CvLzCv73Etb3EuLm/vL2/tbq/uLi/vLa8s7y/uLbCurG6op2iaGdpfIaZiouSoKClnZ6o
io2Sh46coJ6VnZ2ioKCcoJ6coqKfoJ6omZucmZ6cjY2SkZWSmaKf0tjh2t/s3N/14uXx3OLu3OTq
4ufq4ufz3uT13ufs4OTu4OTx4ur34uru3Of14ufs4uf16Orx4OTk2uDhxMfEs7ixs7a6s7a6sLO0
s7GusLG0tbSxsLOxtbm3s7a6uLaxurS6tbS8tbi0vLm3tbi0ura8urm8uLm/uLm8uLa6ur23ur28
vLrCvL68vL6/v7nEv7zEwb28wb2/v8O/vMDJwbnCwcC6v8bCyMHExMHExsPOxsPCwcTHxMbExMHJ
xsTExMbJyMPJxMfMy8jJyMnHyMfOxsbCyMnMyMfOyMjTyMfJy83HyMjHzcjMy8zJy8zJzc3Ry8nM
0s3Jzc/Ozc3Ozc3Oz8vOz8/Wz8zTz9DWz8zRz83Tzc3Mz83Tz8/Yz8jR0s/Oz83TyMzRy8/Oz8zR
083Tzc3J083Oz83Ozc/Ty83R0tLRz83OzcvTy8zOyM3OzczOyMnRzc/Tz8zJzczRy8vRy8nRy83O
zczO0s3Rz83Jy8jMz8zOy9DJz8nJy8vHy8zOzcvEyMvHxsjOxMzRxsfJyMnJyMfMy8jOyMjMxMvM
xsbOxMnMwcbJxsTCxMHCxsbJxMTJv8jOwcPHxMPHxMPHwcTMwcTMxMfHxMDHvMTJvLy/usDMvL6/
wbzHusDEv77HvMPHur6/vLy8v73CuL6/urq8ur6/urq/urnCurq/uL7HuLq/nZ2ibHB7ipWliouV
oKOfnZ6fio2OkZWfl52fmaCioKCfmZ2lnZuinZ6foJmcg3yHjY6SkZSOwcnY3t3s4ODq5OLs4OXq
2OTq4Obx3OTu4OXz3ufu4Orx3ufq4Ofx5Ovz4OX34Ofz4OXs5OTx4Ovq4uf14OHh2ODkuLm6uLm8
uLa8sLO0s7S0tba0sLG0s7GxtbS0s7Oxtba6uLO6ura0ura0uLi6urS8tbm3urq6urm6urq8wb26
vLq8v7zCvLq6v7nCv73Ev8G8v77Ewb26vL7CxMG8v8DCwcTHwcDHwcHExsHExsPHxMTExsbCxsPJ
xMbHxMTMxsbExsbCxsTMy8PEy8bHy8zHxsfJyMnMzcjJyMnMyMnHzcbJy8vJzc3Mzc/JyMnHy8zR
zcnMy8zJ0s3OyMnOzc/EzcnOz83Oz8/Mzc/M0s/R0s3RzczOzc/M0s3Ty9DRy9LR0szTzc3Oz83R
zc/J08/Jz9DWzcvMz8zOyM3Tz9DWzc/O0s3Ty83Mz8/Hz9DOz8/T0szTzczRz83MzcvO0tPOy83R
zcvJy8vOzczEy83TyM3Oy8zTy83OyMjOy8zMyMfJz8jJyMnRxsvTxsbOyMjMyMvHyMfMxMjEy8vO
xsPMyMjExMbJxsTMxsfMxsfExMTMxsfExMTOwcbMxMbJxMTOwcDExMPExMbExMDHwcPCwcTJv8DJ
vMDJusHEuL7HvL7CvMS8wcHCur3CvMDHurbHurzHvL3EuL6/urzCuL26uLa3uLq/tbbCq6qxdXB7
h5eckYuSmaaimaKig4uLlJermaCfoJ6ipZuinZ6cnZ6imZ2foJWfioiLlJKSsLO32N/m2t7q2ODo
4OLs4OTs2uDm4OLx4OHx4t3u4Oru5Ofs5Ors5Ob14unu5Orx5OXu4uHs4OHx1uXu3t7q5ODu2t/s
2N3auLbCsLO3sLaxtbCxs7Gxs7GxtbO3uri0tbO0ura8sLi3s7a6uLSxura3v7i/urm6tbq3vLS/
ur28urq6vLzEwbi8ur6/wb68vLy/wb7ExL6/xMDCxL68wb3CwcbExMDCwb7ExsS/xsDExsTCxsfC
xMTHxsHJyMnJyMbJy8fHxsTJyMjMxMTMyMTMy8nHzcTEyMTHyMjMyMzHxszMxM3JzcPMy8/My8zJ
y8nMzcvMy83MzcfOzcnOzc/M0s/Mz8zTy8zOzczO08nO0tDOz8vOz8vRzc/O0tLTz9PO2NDOz8zR
y83R2M3Tz9LTz9DM08vRzdLWz9DO0szOzczOzczT0s/O083R0s3Oy9DRy8jR08/Rxs/Mz8vWzcvM
y8zOz8nM0svOy8zJy8zOzcfOy83OxsvOyMbTxMzMy8fMy8zMy8vMy8zRyMnOzcnMy8jMxsfOzcjM
z8vJxsvMxsjJyM3MyMbJxsjJy8POxsHHyMfJxMTOyMvMv8bHxsjHxL7Mv8bJxMHHwcDCwcTJxMbH
wcnHtb7HxMPHv8PJwcDEusG/v8fEv77CwcHHv77CuL3EuLrEuL2/wb2/vL2/v77EvLy/tbnCur2/
s73CdXh7h4uSioiZop6inaKig4KHl5mumaCZnaCfmZ2inZ6ioJ6inZ6imZmijY6OoqK00tjk2uLo
3ODd2uHo4urq3ODo3uDq3OLx3OLz4OXo3N/s3Orx4Obu4ufs4Ofx4OXo3unq4Onq4OXq4OLx3OXs
3N/q3N/o2N3m0tLRsLC0sLG0tbC3sK23s7O3sLOxs7m3tbautba0urS6uLm8tbS3uLm3vLjCurS6
tbm/urq0v7q/urm6vLy3vL3CvLy8v766v7y3v73EwcC/wb7CwcfCwcG6wce6xMG6wcHCxMDCxsPJ
v8PExMG/yMPJyMPMxsS8y8fHy8S8yMTHxsvJyMnHyMTEzcnHyMnOyMbJy8vJz8vJy8nRyMvOzcnM
y8vTyM3JzcnTzc3OyMzMz8jTz8vT0svRz83Hz8/Mz8nOz8zOzc/T0s/O0tDW0s3TzdLRzdLJ0tDR
zc3H0s/Oz9PR1szYzdPM0s/Tz9LO0s/Tz9DOzdPM08/Wz83T0sjTz9PJ0tDH2NDM08zWz8vJ0svM
0s/W0szJz83Tz8vRz83Tz8/OzczMzcvTy8vMy8zOz8vR0szJy8vJy8vMzcnRy8vMzcvJy8TOy8nM
yMjJxs3MzcnMy8jMxs/MxsjOyMnTyMfMyMjMxsjOxsTJyMnJyMfJyMfMxMbMxMbMwcvOxMfExMjJ
wcPCxMPMwcPCv8PHv8O/wb7Mv8HJv76/xMDEvL7CvL68v768uL3HurzEvLq/v72/urrEtbm8uL3C
tb3Hs7nEsLm/cHN7g4KOkZScoKClmaCldXp/l5ufnaCfnZuloJ6inaClnaCimaCclJKSlJSOyM3W
2N7d2OLk1tzq2uDh2uTs3uTq2uXz2uXx4OXx3uLz3t7u4OLu4uLu5unx3OHq4Ofq4ufo4ubu4ufz
3N7o3OLm2uTq2uXq3OHq3t/krri6s7O8sLCxtbS3s7S0s7SutbS3tba3uLG0tbO6tbS6uLi3uLi8
urq3tbq6ury6urm6urq6ury8v73CvLnCv8HEv7y8v7zCvL6/wcG/v8HCwb7HwcC8wb7Ev77ExMC/
xMO/xMTExMPJxMO/xsPHxse/xMPOyMTHxsfMy8jHyM3JxMjHyMbTy8fJy8jOyMbJzcjJy8vMxsjH
zcfR0szMz8vEy8vHzcnMzcvMzc/O0szRzc3RzcjTzc3Mz8zJz8zTz83Jz8/M0tLW0s/az8/O08vO
zc3M083RzdPMz8zO0s/MzdDW0s/Rz8/MzcvRz8zWz8/Oy9LT0tLMz8/Oz8/YzdDTz9DO0tDRz8/T
0s3Tz8/Oz8zMz8/Jy8nRzc3Mz83R0svOz83OyM3Oz8/Mz83TyMvWxs/OzczTyMnRz8TOy8vTzcvR
0sjTyMnOy8fJyM/RyMnRzcjMy8fHyMjHyMzMyMfHyMvJy8jHyMTMxMbMxMjCxMnJxMbJxsTHwcPH
wcPHwcHExsfJwcHMwcPMxMbHvMTEwcHJvMPCwcDEv8DMv8DHvL6/vL2/wbzEvMPCvMDEur7Hur2/
urrEury8uLy8uLzEpa2ucHh/eHqHnZ6fop6inZ2idXN/l5ecmZulmZ6inZmfoKKfl52fmaOfjYiO
urnC093h2t7k2N7k2Obq3tzm3OLq4N7x2OTo3OXq3OHq3ubo4uHq4OTs2ufs3uTs4uTx5OTu5OXq
4OLq5Ofz3uTm2uTs3trm3t7m4t/f3tzmv8PEtbSxuLSxs7S0rrO0sLO/tba3urq6uLi0uLS3tbS/
urS6wba6uLq6ura/ury6urm6ury8uLy6vLm/v73CxL3CvL26v7m8wb68wbzCwcO6vMC/xMHCxL3C
xMHCxsDCxMTHxMbCwcHExMPHxsfHxsPHy8jJ0sjHzcbHy8PJxsnHxsjHyM/Jz8bHyMbOyMvJyMfH
z8zJzcnMyM3M0szJz9DR08jM0tPOzcnRxM3Mz9XMzdLJy83RzczR0szR0s3OzcvWzdLMy8/R1tDO
zc3RyNDMzdLJ2NDOzc3OzcnR09DRzc/Rz83Jzc/W2s3R09LOzdDWzczO1s3Wz83W09DO0svTz9DR
z83Rz83Rz9TT0s3Ty8/O0szOz8/T0tDOxs/Oz8/MzcnRyMzMz83Ty8vRy8jRy8vOz83Rzc3Mz8zR
yNLTyMzJyM3Rzc/Hy8nMxsnOxNDOxM/HyMvMxMzOy8jMyMjOyMjRxMfMxsjJxsfEyMfJxsTMxsbJ
xMPMxsTJxMDHwcPJxMTJxMPEvMHHxMTHxMPCwcPExsTJxMDHwb3CvMDHvLzCv73HuL7CvLnCusDH
ur2/usDCuLnEuLy/urm/urzEjZeVeHiDeHyDtbzEnaCfipKLfIKHmZ2coKCfnZ6loKKcnZ6fnaCi
mZ6imZWc2Nnh2Nzo0t3m1t3k2N7o2uDq4Nzo2uDo2uDo1uLs3uTx2OLz4ubs3uLu4OXz3Orq3uXu
3ufq3ODx3uTq3uDq2uLs4ODs2uDo3Njm2Nrk2Nnd09nYv8PCuLO3tbixs7GxtbG3ta60uLO0uLO6
tba6uLa3uLm6ury6uri8uLm6ury6v7yxury6xMC/vLy8vL6/v8O8wb3Ev766wb2/xL26v77Ewb3C
wcHCwcDJv77CwcPCxMbMxsfEwcO/xsbOxsjHxsbHxsbExMnEyMfHyMfHy8nJy8vJy8jHy83HyMvJ
yMfJzc3Ry8jEy8nHzczMz8vEz8zRzcnRz8vMyMvRzc3Mz83Jy83O0tDRz8/T0szR08zR083M08/R
08zR0s/J0s3Hz9DRz83M0s/Tz9LT0tDMz8/Tz9LTz9DMz8/Yz9DMz9LO09DR08/Oz9LWz9DMz9LR
z9TO0tLM0tXTzdDR0tDa0s/Oz8/Jz8/Jz8zYzc/Ty83RzdLOzcvM0s3J083Ry8zOzczOz9DJy8zO
y8/azcnTyMvHz83Jy8/JyMzOyMjJzczJxszMxsnOy83OyMnMyMvHxsvMy8vOxsjEyMvJyMnOxsfH
xsbHxMbEyMjJxsPEwcnHwcbOwcPHwcbCxMbEvMHHwcHJv8DEwb7Hv8HHvMbCwb7EvMHEvMPCvMDE
ur3EvL3Cur7Eur2/vLzEurrCtbi/uri/fHqDfHyHf3p7usnMoqCifICDg4iOmZ6cnaCloJ2foKCf
naCfl56cl5eftb3J1uDk09zf2t7d097k2N/h1t3m2uLq2uDu2N/s4Obm3uHm3uLx2uLs4uXx5Ofo
4uTs4uXs4OXx3uTu3uDz4N/o3ODm2t/q3N/f3N7o2t7k2tzq1tjhy8zOxsnJv77CuLO0s7S3tbSx
tbS6tbO/vLa8uLaxtby3uLm8uLjCuLm8uLm8v7yxvLq8vLi/vLzEvL26ur7CvMDCv76/xMC6v8G/
v8DHwb3CxMDExMO/wcG/wcHCxsG6wcC/xsTJxsTHxsfHy8PJxsfJxsPJxsbJxsjEzcbJyMfJyMnM
y8vOyMnJyMnHzc/Jy8jMzczRyM/MzczMy8/Oz8jOzc3Jzc3Rz9DO0s3MzczRz8vMz83Oz83Oz9LT
1tPRz9LYzczOzc3Mz9DR0tTT0s/J0s/O0snTzc3Yz9LM1tDR0tDRzc/J2NPWzdLTzc/JzdTT0tDO
z9LMz83M0tLO0tDRz83Tz9PYz83Wz8nT0s/Oz83Tz83W0s/Oz83R09XRz83Mz8zMzczOy8nTzc3R
08/Ozc3OzdDMy8zOy8vOyMzRy8vJzczMy8vMz8jJy8vMy8vRzcnMy8zExsjRyMnOy8jJxsjJyNDH
wcfJxsjOxsHJwcjJxMTMxsTExsjEwcTOxMfHwcHJxMPEwcfCwcPJv8TEvL7Jv8TMwcG/vMTEvL7H
ur68v8HCusHCuL68v8PEuL2/uL3Ev7q/urrEuL2/cHV7dXp/lJCivMHEkZmccHN7l5SZnZ6ioJ6f
paCioJ2fmaCfmZ2fl5CSxM/Yz9Xa1t/hz9bk1t3m1t7h0t7k2t7q3t/o3N3k4ODo2uTq3OXu3OXu
3t7q3uXq2ODo3uDs4OTu3uLq4ufq3N3m2uLq2uXu4uHo1t/m1tzd1trk1tXa09PWy8bJxMvMxsnM
v8C/uLi3urCxuLS6s7S6tbO3uLa8s7m3ura3uLm/vLi6urq8urq8urq8urq8vLq/vL28wb2/vL7C
wcDCv8O/xMHEv8HCusPCxMDCyMHExMPCyMTCyMbHxsTJxL7Hz8bHxsDHxsPMxsbEy8fEyMbHyMbJ
zcHJy8jHxsnJyMjOz8bHzcvJy8TMy8vMyMzMxsnJzcvMyMvMz8vMy8fMy83Oz8/Mz83R2s3Rz9TR
zczJz8/R0snRz9PTy9DRz9TR0szTy8/Tz9LT0tLTy83O0s/W1tTO09LTzdLWzc/Rz9PW08vR0tLT
2NLTz9PR0s3T0szR09bW09DTz9DT09XOy9LO08/R1tLTz9TO1tLRz9DRz8/R0s3Oz83T0sfTz83T
08/T0tDOyM3Ry9LRzdDRy8/RzczOzdLOyMzMy83RzcbMy83OxsjJzcnJxMzRyMjWy8vTyMzMy83M
yMzMyMfRzcvJzcfJwcTJwcvRxMjJxsbHxMfJxMjJv8jHxMfJwcHHwcPHwcfJxsHEv8PEwb3EwcPJ
usHHv77CvMbEvL7CvMPCuMDHuL7CuLzCtcPJur3CvLrCuLzEbHV7cG53q7C/q7GueHqDf4KHnaCi
nZ2ioJ2cop2foJ6onZ2coJmflJSSyMvW0t3k0tXf1tzq0tzk2N3h1trq2Nzo2t3k3ODs3N3m3ODk
3OHo3uLs2uLq3OTu4t/s3uLq3uTq2OXo3uTh3OLs4uLs2t/h2uHq4tzo3N/W2N3f0tXW0tjayMzO
zcvTzdDMzcvOz8/MxsfMurm0tba0tba6uLi3urq6uLa6uri/v7q/uLq3v7m8wb26v7y3ury6wb3C
v728v73Jv768wb68wb3CxMa8xMPCwb7CxL7EwcPCyMS8y8HHxMDHxsTEyMTHxsTExsPJzcPJxsjJ
xsfMzcfJz8nMyMnMzcnOyMnCy8zTzcfRzcvMy8jOy8fRzczR0s3Oz83Jzc3Ty83Mz8vJz83T0s3M
083Oz9DWz83Hz8zRzdDM0tLT0s/T0tDM0tLRz8/W0tLR2M3O1s/Rz8/Wz9DMzczM09TY0tDT1s/T
0tPO0tLT2M/Y0tDR08/Mz9bT0tLR1tLR09PTz9LTz8/Mz8zWz83Rzc/d0svO09DT0szO0s3Hz8/O
08/Jzc3Rzc3Ozc/W08zJzc/OzczEzc/OzczMy8nT0snRy83Oy83Wy8nJy8/My8/Jy8fOxszOyMzO
y8zMy8vOxsjJxsTJy8zMxsjOxsHHxsfTxMfExMjJxMfMxsjHyMHHxMfOwcbJxMvJxMTHxMS/xsTJ
xMO/wcHHv8bHwb7Jv8HEvMHCxMDEv8DHvLjCvL7CuLy8xL3HvL3Ctby/Y2dzdXV/tb6/lJKZdXqD
jZKVmZ2fnZuimZ6cpZ6lnZ2lnZ6fnZ6cmZSSyMvTy83Yz9nk0tXf2t/k2Nnm2Nrf09nk3ODm2N/f
1t7o3uHu2t/k4OLo4OHq2uHz4uHo3uHu3N/q4Obs4OTq3N/s3t/o4ODo2t3o1t3k3ODq1t/k1tjh
0tTayM/Oy8/TzcvOyMvEz8/OzdDRy8nOwbq6s7S0tbi6uri8uri3vLy8ury/ury/urq6ury3vL3C
wb66v7zCv72/v72/wcDEwb68wb66v8DCwcG/v8HCxMPExMO/xsPExL3HxsTCyMfCyMjHxMfExMbJ
yMnHyMbCyMbJy8nJyMnCy8jH0snJy8jHzcvRy9LMzc/Ez8vHy83Mzc3RzczTy8vT0szMz8zO0svR
zc3W0szRzcvOz8/O0svR0s3Oz8/Rz9DRzc3Wz8/Jz9DT0s3T1tDT08/Tz8zW0tLW09DTzdDOz9Dd
0tPT2NDTz9LW09LYz9bT09DR0tTYz9LY0tDR1tLMz9DT09PR0s3W09PM0s3Oz8/R2M3Oz9DT0tDT
z9XR0svYzc3a08vOz8/Wzc/RzczTz83T0s/Rz9DRzczWzcvO0svOy8vTzczOyM3RyMvTzcjOy8jR
yM3Oy8jMy8nRy8/OxsvOzdDEyMvJyMvHxMnMxMbExMvJxMPOxsjMxsTWwcPOxMfJxMbOxsfOxMTJ
wcPMxMHCxMHJvMO8v77CvMDHv8PHwcTCwcDHv8O/wcO8urzCuL7Hwb2/vL26uLzCcGdumaarrri3
dXV/h4iVmZecnZucnZmfnZ6cnZ6inZuioJufoJufnZmZzdTRzdDW0tTf1trh0tbh2Nzo2tLd2N7h
09jk2uHm1trm2uDo3t7m3uHm3OHm4Obq0+Hk3uLq2uXo3N/o3ODs3N/m3OLk3N7k2t7m1t7h3N3k
2Nzk09jd0tbdwdLRyM/Oz83OzcjOxs3O0tPR0tDTz8/OxsfHxLS6tby6urm6urO8ury6urS8wbzC
urm8vLq6v76/urzCv7jEwcHEvL7Cwca/wb7CvMPExMPCwcC/yMHEyL3EyMTJy8TCy8bHy8bJzcbH
yMPExsnJxMfEyMfJ08fMzcjJzcjHy8bJz8fHzcnMyMfEzczJzc3Rz8nMz8zMzczM1svMzdDRz8vT
z8zM08/M0tLWzcfR09DOz83W0svOy8zOz9PM1tDRzdLR0s/OzdDOz83Rz83W1s3O1tPT0tLO0s3W
0tPO0tPT0s3W1tPR0tDT0tbY0tLW0svT09DT0tLW2NDT0tTOz9DRz9LR0tDO1tDWz9TT08/W0s/R
09XMzdDTz9LT08zWz8/R1s/R0s3Mz8zRy8/OzcnOzc/R0szMzcvOxs/RzcvOz8nTz83O08vTy8zO
y8zTzc3Ry8jJyMzMz8zM0szMzcTRxMnH0sbOxsjOyMnHyMnOxMTHxMjMxMbHyMfMxMPMxsTRwcHH
wcTHy8bMxsHCxMPExMPHwcDHvMPHxL3Jv8DJxMHEwb7Ev77Ev77CusHHvL7Ewb7HvLzMvLy/bGx7
l6CldXp/fHiHl5WSlJeZlJSZmZucmZ6VmZWfmZ6inZ6ZlJKVlJSOvMPOy8zTyM/T0tXYzdTd1tzf
09nd2NXm2t/a1tnd2t3o2Nzq3ODm2Nrk2uLq3ODs2uLh2t/q3OLk2uDz2uLq2uTq3ODq2uTo2t7k
1t3f2t7x2Nrk0tba1tnf0tDWz9LTy8zMz8zTy9LTzdPWzc/Wz9bRzdLMzc3Rtbi8urm8uLq/v7m6
uLq0urm0v7zEvL3CvLq6vMG/v7y/v77CxL7Cv8C8v76/xMHCwcDExMO/xMO8xsHExMO6xsHExsS/
xsTCxMnCxMbHy8bEyMfHy8zJy8nMxszJyMjMzcnJzcnJy8nRy8nJyM3Mzc3Mz83HzczMzc3OzcvO
yMfOz83Oz9DH0s3Tz83M08zT0s/O0s3Jz8/W1tTM0tDM09DW08vRy9DM0tPT08zWz9PO0tDR2NLR
z9PY0tDM1tDW09TR1tPM0s/T0tLW09PY1tDa0tPR0s/O09XO09PMz9TT2NLR0tLMz9DO0svRz9DO
z8/Mz8/Wzc/Yz9Daz8/OzdPM09DO1svOz83Oz9DOz8vJzc3Ty83Tz8vRzc3Mz83WzczWz9DMzczT
z8jOzc/JzcvRzcvJyM3HxsjRzcfMz8nRy8jRy8fOxMfOxMjJz8jMyMfRxszHy8jHyMfMwcnCxMnJ
xMPHyMbJxsjEwcTHyMPHwb3Hv8bMwcTHv8vCv8HExMDEusPCwcDHv8HCwb6/vMDEvL7HvMC/v8DE
vL2/jY6cY2lpbG5zkZCSl5mVl5ufl5ucl5mcnZmimZmfl52imZuckZSOlJCVoJ6lxMfTyM/dzdDT
0s/d0tbf09jY09/h2Nnd2N7o2tTk2Nzk2t3Y2uDo2N3o2OHo3OLq3N7m3ODk3uDq3OLq3ODs4ODm
3t/q2t7m09zh2tja2t3o1tzf09TazdPTxNLTxsvOy9LWzc/Rz9DT0tLRzc/WzdLa09LOy8/Ouri8
v7q8uLq8v7q8uLm6vL23vL6/usC8vLrCwbq8v728vLi8wb3Cwb6/xL3Cxr7CxMC/yMDHxMDHxsHC
yMbEyMbCxMfEy73MxsbJy8jJxsjOy8jHzcnJy8nOy8nJy8jHy8vHzc3JzcnRy8/RzczCzc/Jy8nR
y8vHz83O0svRzc3OzcvEz8zR0s/R0tDMz83Rz9LM083J0tTR09LM083O0szRz9PR09LT0tDT09PY
0tPR1s3T09PJ09LT08zO09LW0tDO0tDT0tLW09LR0tTT0tDH09LR1tDT0tPO1tLOzdTT0tLT0tDR
08/R0tDJ0tDO1tDW08/O08/Wz8zRz9PR0s/R0tDOz9DTzczTzc3Ry8zRz83Rz8fR0s3Mzc3Ry8zO
zc/RzcvMzdDOy8zMyM/MxMvOy8jOy8zCxsnMy83OyMjOyNDOyMnMxsnJwcbOxsfOyMfOxMvOxMnO
xsfExsjMxMnMyMjCwcbJxsTCwcbHxsTHwcbJwcbHxMPHwcHJwcHExLzJwcHJv77Eur7EvL2/vMHC
v72/vMG8uLy/WmJkdXODjY6ZmZeZmZeVlJecmZefnZmcmZeikZ2ZnZmcmaCcjZSOlJWSlJSZs7i/
wczOyM3TyM/Y1tDd0tTa2Nbh2tzk2N3k2trk09nd093k1t3k3Nnm1t/u1t7m3t7q4OLk2t7q3OHo
2t/m2N/m3uHs2uHk2t3d3t7k1tbf3Nbk1tLWz8/Wz83OyMfJzdDOy9DRz83Rzc/Rz9LTzdPTz9XT
0tPRyNLRv7i/v7i/vLy6urm3v7m/v7q8ury/tby8wbbCv7y/wb3CxMbExLy/xsDCv768xsHCy8HE
wcTExsPCy8PExsbHyMPCyMTHxMnHxsfHzcbJzcfEzcvMxsfMyM3HyMvO0sjJ0snMzcjMxs3Jz8nO
z8zRz8vMzcfRz83OxszO0szO08/MzdLRz83O0tTM0tLO0tPT0tLO1s/Tz83O09LT09PR0tDT083T
z9LRz9LW083R09DT0svO0tPR1tDR09PR09TW0tPT083W09PRz9PR09TR0tXT1tLT0tDW0tPWzdLT
1svRzcvR09LTz9DOzcvRz9DR08zOy9LT08/O09PW0svW2M/OzdDO08/M1tDR0szT08/R09DR0tDR
z83My8vM08vWy9LR0s/Rzc3Ry8nJzc/Rz8zRyMjMyMvOzcvHy8vOy8vMyMvMyMnTzcjJyMjRxMbO
xMfMxM3JyMzHwcfMyMTJyMPHxsfJxMPExsbMwcPHxMjExMHHyMHExr3HxMbHvMDCvL7Jv8fEur7J
ur3HvMHEvL7EvMC8vMTEh42SkZSZl5eZl5SVmZeVl5WSl5WZlJmcl5eZnZ6VmZuflJSVlJKVkZKV
jZKSl5SZv8PJxsnRyMbWzdLW09Xaz9Ld2Nra1tbk2Njk2N3m1t3o3Nbq2Nzk3N/m1tnk1uDm2N7o
2uDk3trk3N7f3N7f2t7o2Nzk0tXh2t7h1trd2tnd0tbYzdPMz9LWy8nOzc3TyNPTz8/O0tDY09XR
zdDa0tDR2MvRz9LRyMvTvLy6uLq6vLq6wcG6vLy/v7zCv7m6vL3EvL3HvMDEvL68v73Cwb7CxMPH
xMC/wcHExMO8xMa/v8TCxsbMxsPCy8fJxMTExsfOyMfEyMjEy8vHzcjHy8nHz8vMy83Hy83Mz8zO
yMnMzcnEy8zHy8fRzcnOzczRzc/Rz9DRzc3Rz83Ez83Mz9LR09XR0tLRz9DO09DR0tPMz8/HzdPd
2NPR2NPM2M3Mz83Y0tXY0tXY09DW1tLY09LT09LY1tPT09LW0tDT09PT0s/Tz9Dd1tDT1tPWz9PO
z9LO0tnO0tPT0tDY09PT09LJ083M0s/Wz9TR09LO1tTTzc/T09LR0tLR1s/J0s/Oz8zT0tDO0s/W
y9PO0s/Tz9LRz8zOz8/RzdDMzcvRzc/Wzc/RyMvTy8/HyMvJzcnJyMvMy8nRyM3OyMzOxsvMy8nE
y8jMyMnJyMfMyMjMxsfOxsfOxMbJxMjMwcTOxsjEwcbJxMHJwcjEwcPJxMbHxMHCv8HHvL7JvMHC
vMHHuMTCv8G/vMG/urzEvMG6uL28oKCll5eckZSZl5WZl5WVl5eOlJWZl5eZlJefmZWZl5mZkY6L
lI2SkZCSlJKVkZWStbG8v8PRxsvOyM3OzdDT09rdz9Pa0tXa2NXd0tbh1tnd1tXk2t/q2N3k2Nbk
2N7k1t/h3Nrm2t/o3uDq2N7o2N3k2N/m2N/f2Nrh2trk09zf0tjWz9PWy8bRy8/Ry83Rz9LRz9DR
zdLR09PT0s/W1tDOzdDWz9DTzdDWwcC/vLa8v7q8ur2/vLm0vLzCur28wb6/v8C/v768v77Cv8C8
xL7CwcC/wcO6xMTCxsTCxMTJxMbJxsfJyMTJzcbHxsfCyMjM0sfJzcnMyMjJzc3Jy8jOy8vJzczJ
zcnJz8nJzc3Rz8vJz8nOz83Mzc3TzcvWz8/O0tDT08/Oz8/Yzc/W0tDTzdDR0tDR0tDT09PT09PT
09TTz83RzdDO09LO08za09DR0tDJ2NXO0tLW0tPW09DR09TO0tPR08zO1tTW09Ta09Pa0tLW2NLR
0tDM0tLO09La09bTz9LM09LY0s/W09LO0tLYzcvO0tDaz83O0tTYzdLR0tDOz8/Mzc/J0tLR1snR
08/Rz9DR08/Oz8nOz8zEz9PJzczTz9LOz8jTyNDMy83ayM3My8/Tzc3Oz9TRzc3Ry8zMyMzMyMzO
yMzTxsvOxsnRxMvJxsTMy8jOyMnMy8PJxMnRyMjHyMPHxMfJxMTOwcHJxsTHxMTJv8bCwcTCv8PC
v8THv8DEvMG/usHEv8C/v8O8uMHEwcDHur6/lJuimZellJeZlJSZlJeflJWVkZWVkZmSkZSVkZeZ
l5eVlJCHipCSkZCOkZCSjZKSoqCiwcPOxMjJxMvHy8vR0tLY0tXd1tPY0tjdzdXa2NXf2trd0tXk
2tbo2tzk2trh2uHo2N3f093k2ODf3ODf2tXk1tXa1trd2Njh093d2tja2NPW09DTur3CvMa/z8zT
z8/Rz9XT09bR1tLR083Rzc/O09LT0tPMy9LOyMnEuL6/vLy6uLy6vLy6wb68v7y8v7y/wbq8xL68
xMDCwcHCv77CxMHEv8S8vMHCyMjEyMHExsHEy8PHyMTJxMbExr3HyMPEy8bJy8fMy8jJz8jJyMnH
yMzMzcvOzcjJzczJ0snMzcvRzcjM0s3O0svJy8/R0s3RzdPWz8nM08/Rz9LT0s/Tz9LWzdDY1s/M
0tPR2NLW0tbTz9XO1tLWzdDW09DR0s3T0tPW0tPT09PRzdPO1tPTz9DM09jTzdDW09TTz9nTz9DR
2NTR1tTR1tTR0tXO09DO09LR09bR08/W09LT0tDW1tDa09LR0tDR0s/T0s/W0tXR0tTRzc3R09DO
0s/R0szT09DTz83O1s/Ty83RzcvW0svTy9PRy83TzcnTzc3WzdDMyM/R0sbOyMvMz8nJzcjRy8zT
yM3MyM/Oy8zMyMfMy8bMzdLJyMfMy8zHy9DJxsbJy8fMyMPHxMfMv8bJvM3HwcbHv8THwcPHwcTE
xMfEv8jJvMTEvMDHv8C/v8HEvMPEv8PEwcHEv7y/vLrCoKOlmZ6fl5KSkZWVlJSZlJWVl5eVlJeV
lJWZl5WckZCViouHiouSkY6SkZCLlJSOnZufxMjRwcfJwcjEyMjMxsvOz9TYz9LR0tbf09jk0tXf
09nd09za09zf1tzf2Nzk2Nnk2t7h2Nzf09no1t/f2trk1tjd1tbh3Nzk1tjh1tXa1tPfz9DOy9DW
xsvMyMzW0svRzc3RzdPa08zazdLMzdLMz9XRzczRyM3OzcvMurq6vLq8uLi6ury6vLrCv7a/vL6/
v7y8xL68v8G6wcDHusHHwcHCxsTCwcPCxsHExsTHxsHJxMTCxsG/yMbHyMjEzcfMy8bEy8jMxsfM
zcjMzcnMy8vJzcvOzcvEy8zEzczJz8vMz8vM08zM083J0szJzc3R0s/R0szW09PO0s/O0tLJ2M3W
0tDO09DO0tTW0tPT0tDT0svO1tLR0tLWz9LR0tLR08/T1tPT09LR0tDOz9LT09LT08/T2tXM1s/R
0tTT0tTT09PW09Taz9bW0tLT09LY1tbT09Da1tDO1tDT09DRz9DT09nT0tDW0tLO08/R09LMzdLW
09LRz8/Wz8/Hzc/Ozc/Rz83Hz9PWz9DTzdLOy8/Ry83Ozc/Rzc/Ry83Tz8vMzczOxsvMzcvJxs3R
z8nJy83TzdDMy8vMy8vTyM3Ty8jMxsvMyMfOyMjHxsjHzcvJxMfJxMfHyMnMwcfHxsfMwcPOxMTH
wcfJxsjHwcTExsDHuMC/wcHCv8G8wbrJvL7CvMPCv77HvMC/vL3Cpairl5uZlJmVlJKSkZeZkZSV
lJKVl5WVlJeLlJeVipCLh42HjYuLjY6ZlJCSkZSVl5Wcv8PHxsbOwcfTxsjHxsnOy8zOzdXWzc/W
z9Ld0tjh0tbaz9Xf09ja0tjd2Nzh09rh2Nrf1trf2Nzk2Nnd2Nrf1tja3Nzd2NnY1trd09rf1tXd
09PTz9LOzcvR0svRxM/Rzc3Oy8vR0tDT0tLO0tPT0s3Rzc/MzcvOxMjEuLm8urm3urS8vL26v7zE
wbm/wbq8vL2/wb3Cv77EvMHCv7nHwcHCxMPCwb3CxMO/xsHHyMTHxsTExsTHy8a/xMfHxsbHxsfH
y8fHxsvRz8jJy8vJyMnHy8nJ0sjRzczR08zJzc3Rz8vJzdDMz8/Jz83Rz9LRz8/Rz83Oz9LTzc/T
09DJ0s3Oz9PM0tLM09PR1tDM09PT0tPR1tPR0tLT1s3W09DR1tDR1s/O1tPT1tXR2M/R09LO0tDY
09XR1tTR09PO0tLT0tTT0tPT1tLW09PWz9TMz83O0tPa0tLRz9PY0s/a1tPT2NPT1tDR0tDT0tDR
09PRz9LR0tLTz8/T0tLJ1snTz9POz8/TzdDRz83Ozc/T1tLMz9DWz83Oz8zOzdDRzc/Jz8nRyMzW
zc/Ty8jOy83Mzc/OxszTyM/My8zMy8vJyMvOyMbMzcvJyMjHyMnHwcvJxsnMxsPRxMjMxMjJxsnM
xMfHwce/xMPOxsPCv8PHxMTEwcHEv8G/wcPCxMDEwcbHxL7Cv8HHusHHvL2/mZ2lpaionZ6ckZSV
kZeVl5CZlJSVjZWZlJKZlJSVioaHioaHjYiLjY2LkYuOlJCOlJSSq6u0wcfJyMTRxMfMyMjOzcvR
yNLOzdPT0tTY0tTWy9bY0tbW0trf3tXa2Nzf1t7d09jf1tnf2Nrm2tnd2N/a1tnd2Nrf1tba1tXf
zdTaz9bdzdLTzdDTyMfRz9LTy8fJxszOxMTJ09DRy8/Tzc/Ry9DRz8zRxNDRxMPCvLq6ura3v7y8
v76/vMC6ur26ur26v8G/v72/xrq/v8C/vMC/v8G/wcDExsHCxsDCxMTEyMPEy8bJyMTHxsnJyMfE
zcDHxMjJzcbMyMzMyMjHyMbHzcnRy8vMy9DMz8bH0svRzcnOy8nJzc3Mz8zRzcnOyMvO0svTz9DO
z9LO0s/O1s3Wzc/O1s3R0tXWy9LT0s/R09TTz9LT08/Tz8/T09TT09XR0tPT0tTT1tbY2tPW09DW
08/M0tPT09XT09DT0tPW2NXT09DO0tTTz9PT2NTT0s/O0tPT1tjT09LY2NLTz9LO09DT0tPR1tTW
1tbWyNPT0tPT1tTR0tLR08/Mz8zOz8/Oz9TTzdLT1tLO2NTR09LTz8/Ry8/Oz9DRxMvT1tDMy9PR
yM3Oy8jR0szTy8zOy8nR0sTTy8zOxsnRzdDMzcnMzczOy8zMxsvOxMjJyM3OxsjOxMvMz8PJxMnJ
y8zJxMfMwcfJyMjHwcfHxMbExsjHwcO8tcTHv8TEwcTCv8HEusDCvMbJvMPCv8HCvLzEmZufnaWl
lJ2cmZeVlJKSkZWLl5WSkZSVkZSOmY6Oh4iHh4uHkYiLioiSkZCDkY2LlJCOkZCSwcTJxMbJxMnJ
wcvMwcfMy8zJy9LWzc3Oz9Laz9ja0tTazdTT09jY1tjf1tjd1t3k09jT1t3h0tnk09rY2Nrk1tXf
2Njd0tnW09rd1tXd0tXaz8zTzczRz83MyMPJwcbJzczRz83Rz9DWz9DWyNDOzc3Jy8zJv766uLm3
urm6uL66vL2/vL26xLm6v768v7y/wca/v77HxMC/wcDHwcG8xMS8xsDExMDHyMPCxr7EwcPOy8fJ
yMTEyMjJy8bMyMvHyMnJy8vJyMnOyMjMy8nM0s3Jz8vMz8vMz8TOzc3Ez8zMzcjJy9DRz8vC0tDO
zdLMzc3J0s3Mz9LO08/M0tLR08/T0tLM083W09PJ0tLR09PT0tLR1s/R09PR1tLW09TR1tLO09DJ
0tTY09XT09POz9PT1tXR1tXM2NXY0tPY0tXRz9TR0tLT09PY1tDM1tPT1tPR0tPY09PT2NDa09TR
1s/T09LW0tTR0s3O09LT0tPMy8/Rz9DW0tTY0s/R09LRz9LT0tPYz8zTzdDH0tDWzc/My9DO08vO
zc/Tzc3Tz8zTzczRzc3EzdLOy8vRzc3Hz9DTzczTzcvRy8vRyMvMxsvOyMzTxsvOyMfMzcfOxMfM
xsfJwcfRyMbMxsbOyMnExsfJxMTHxMnJxMPMxMbCwcbJv8bHxMPEv73EvMPCv8PCusHHvMDHurzC
lJKcnZ6olJWZkZKSkZSLkZKVlJKSlJSVkZKOkZKOioaDjYiDjYiLjY2VjY6SkYiOjZCOjZCHs77C
xsfJxsfMy83MxsvJxszJyMnMz9DWzc3TzczT09jdz9Tf09ba09jh0tPaz9Td1tbW09ja1tja09zW
2Nnd1tzd1tjY1tba1tTf0tnfz9Td09nWy83RyM3JxMTEy8vMz9Pa0s/Rz9DOzdDJy8/Wy8/OzcvO
urq8vLq6tbm6vLm6v7m6v7m/wb2/wbq6v7y8v7jCwcC/v768xL7CwcDCxMG6xsDExMPHxsa8yMjE
xsTJxsTHxsHCy8bHy8fHyMfHyMjEy8jEzcfHz8nMzcvJzczHzcvJy8vMy83MzczJzcvTzczMzczT
z8vJz9PO0s/Y083T083Rz83Y08/J1tLO0tDRz9LR09DO0s/Hz9LW1tXO09TR1tLM09PR09LT0tDR
2M3M09TY09TW1tLT09TT1tXR2MzW0tPT09LY2NTa09Da09bT0s/T0tPO1tLW2NTR09TT0tPY0s/M
0tLW1tDRz9Xaz9LWz9PR1s/R0tDMzc/W0s/R09DJz9DTz8/Wz8/Tzc/WzdLR0tLaz9DWz8nJzdLJ
z9LMy9DTzdLTzcvM0tDRzc/TzczTz8/Oy83RyM/H0snMy8vMyMzTzcfOy8vMy8vJy8jRxsnMyMi/
xsnMyMjJxMnCxsTHxMfRxMjCxsbMwcjOxMTMxsbEwcbHwcO8wcTJwcHHv8bEv8TJv8PCvMHCv73H
wcDHv77CnZufoJ6ikY6VkZKSkZKOlJWSh5KVlJKOiouSh4aHiouDioiOioiLipCLjYuOh42LjZKL
kY6SpaKoxsjMy8vOxsvMy83JxMnMyMnOy8fRy9DRzc3Tz9TYz9PWzc3Y1tLaz9Paz9TY2Nbfz9ba
zdXa2t3f1tja09rY09XY1tTYzdbW0tnYz9bW1tLTy8bRy8/Rv8TC0tDT08zWyNDRy83RzczJzc/O
z9LRxMnEvLm6v7q6uLm3v7q6uL2/wbm/wbq8ury6vL2/wb2/wb3CxMHCxMG/xrq/xMbCwcDEwcO/
yMHCv8TEyMTMxsjExsjHzcvJyMjHy8fJy8fOyMDOy8fJ0svJyMbMxszMy8nJz8zM0svJ0svHz9DH
0szMy8vRy8jM2M/M083MzdPOzc/Tz9POzc3Ry83Rz9DR09LTzc3R1tDW1sjO0tLW09LR09TYz9TR
0tTW09LW0tTTy9DY2NTR1tXY09TTz9XW0tTT1tbR2tPWz9PR3NbO0tbT09TT1tXO1tXW0tPT09PR
0tTT09LT0tPR2NDT1tLO1tXTz9DW09TR2M/W0tDTzc/Wz8/R1szTzdDTz9LWz83Mz9DWzc/R0svT
z9DOzczWz8zT083Tz9LMzdDW0s3JyM3Tz8/O0szTz8vWy8zMy8/Oz8vMy83My8vOy8/Oy8nOy8zJ
y8TMyMnHxMjMxMnJxMjJyMjJyMjJyMHHvMjJxr7Hy8HJv8PHxMPHwcfJxMHHwcPJv77HwcHEv8nJ
v8fHvMDHwcDExL7Jl5efnZufkZKVkY2SkZCVkZSZkZCOkZCHkZCOh4J/h4SLioiDjYiLjY2LjY6O
lIuLjZCSkZKSnZufzcfRyMnOxs3TyMvRxsjOyMjOxsjMyMzOy8fRzczOz9Ldz9Pa09Pd0tPW0s/Y
zc3f09Xd2NXd0tXa09bT09jW09DR1tXa0tja1tPd09Df0svTzczMyMzEv8HE08/J09PTy9TTzc/T
zc/Oy9DRzczRxMPJs7O0uLm0uri3ur66urq6v7y3v77Cv768ur68v7y8v763v76/wb68xMO8xMDC
xsPJxMDCxMfHyMPHxsbJy8fMyMHEyMbMyMbJyMjMy8fHy8fRyMfHyMnHz8nOy8jJy8nMzcnOy8vO
zczH0szJz8/Oz83Jzc/Rz83Mz8/T09DJz9DR0tDMz8/O09DRz9DT09PW08/R09PWz9DT1tXO0s/W
09PO2NPR0tDW1tLW09TR1tTW1tLT1tPW09XM1tTW2NPR09bY1tXT09TT09PY0tPY0tnR1tLT09XY
2NTT09PM0tPW09PW09PM09LOz9bO09PO09PJz9DW1tLW09DO0tLTz8/R09LO1s3Rz9DT0tTR0s3T
09DYz9DT09LM0s/Wz83Tz8/Tz8/Oz83R0s/Ry83Rz9DOy8/Mz8/Oz8/Ry9LJzczMyMzMzcjRzczO
yMnOyM3MyMzRxsnOy8HOyMvMxsvMy8fHxsfOyMjHxsvJxMbExsjExMTJxsbHvMbCxMbJxMTExMPC
wb3Hv8DEv8G/vMDEvMDCv8DHmZWcmZuSlJCLkY2SkZKSkZKVlI6ZkZCOkZCHf4CHh4aLioiLjYuL
iouDio1/jY2OkY6LkZCLtbm/zc/Ry83Wy8fWyMnYxsnHxszMyMjOxsvRxsbRy83Rzc/O09DYzc/W
0tLTzdDYz9PYz9LY1tTWz9Td1tLW09XW0tXd0tTRz9rdz9bdz9bd0szTyMnExMvJzczMz8vJyMvO
08/YzdDRzc/Oz8zOy8vMwcPEuLi3urm6tbm6usG6urq0vL7HvLi3vLq6vL3EwcS8v8C8wcC/vLy/
wcDMxMS/xsG/xMPEv77HyMTExsTHxMS/zcfJxsTMyMfJyMTJy8bHy8nJy8nOzczMy8nHzc/HzcnM
z8zMy8vOzcnJzc/Rz8nTz9DOz8vMz8vT0s3Rz8/RzcjOz9LO09DT1tLR0s/W1tLT083O0tLW09Da
083T0tTY1tLY1tPMz8/W09PT2NTR09TO1tDa2NjR2NTO1tTa1tXO1tXR09TW2NDR1tTT1tjO0tLT
09TJ0tLW1s3R09TH09TRz9DW0tXW0tPYz9TW1tTW1tTT09XO1tPTz9DT0tLW0tDT0tTRy8zY09DW
z9LR0s3Rz9LWz9DM0svO09DTz9LWxszR08zW0s3Tz9DOzc3Oz83Yz8vRzc/RzdDRyMvMy8vOy8zH
yMjTyMvOyNDTxs/My8nJyMnOyMvOxsjMy8vJyMfMy8fJxsbMyMPJyMTMxMTRxL7HyMbTwcjHxsPH
wcbCxMPHwcbEwcDEwcO3vMTHv8G/usHEnZmclJKVjZWSl46SkY2SkY2OkZCOjY6Vh46Oh4SHg4KH
ioSLiouHkYuHkZCLjZCHkY2OnZefy9TTzdTWy8/Yxs3Txs/RwczOxsjMxsfMyMzOwcjMxsvTzcfR
yMvRzdPTy9TTy9DR09PTz9PT09DWz9bd0tDYzdTWz9TT09Ld0tPW09bY1tnWyNLTy9LMyM3RyMzM
zcvRyM3R0tPRzdXRz8zMyM3MyMfMwbm8v7a6tbm6uLC3uLq6wby6vLm6v7m8wb26wcC8vMC8wb7C
xL7Cxr2/v8TEwcHCyMHCyMS8xMjHwcPEzcHHxsPJxMjHxsHMxsbHxMfEzcfMy83JxsnHyMfHz8fM
yMvJyMjO0szJxsvJ0tPOy8zRz83MzcvRzcbO08/Jz83O0tPTzc3Rz8nT0tTR2M3Tz8vWzdTRy9LR
0tbW0tTT3NPT09DT2M/W2NPT2NnW1tLRz9TT09DW0tDWzdXT2NTR09PY09XT1tXY09TazdXT09PT
09DY2NXT08/T2NXR3NTR0tjT1tPY09PT1tDW0tTW0tTT09PT1s/WzdPW09XR0tLR0tLT2NDR2NLM
y9DR09LW0tLWz9PRzdLR0tLW0tLR08/R09TTz9DTy83Tz8/Tz9DT0szR0snR08/OzczOy8zOzc3O
z8zOy8zRyMvOy9DTyMjRyMvOy8jOy8vRyMnOxsjHzcnJyMfJyMTJxsjHy8fOxsbMxsjHyMbHwcbJ
xMPHvMTEwcPHxL7HwcTJwcTJvLzMwcPEwbzJv77Cl5eZlJKZipCVlI2OlI6VkY6SkZCLjZCSg4B/
g4SDh4aDh4h/ioaLioiLiouOkY6OuLzEzdDRzc/a0tXT0tPaz9LWz8/OyNDRy8zOy8vOxsvHy8PJ
xMjOxsjHyNLRzcvJzczRzcvTy83W0s3Tzc3Ty83O0tXT0s/Yz9LW0tTazc/az9LazdTTz9TWy8vR
z8zOz83Rzc3M09PTzc/RzdDMz8/Rzc/TzcjMurq3s7q0urirurixvLS3vLi8urm8uLa3v7m8vLq6
v73CvL68wcC/v77CxL7CxMG/xsTEwcPExMPExsC8xMi8xsTCzcbHyMfHyMTHyMbJyMjEyMjOy8zM
y8jOy8vHz8fOz8nMz8nJ0szM0svM0svJ083Jzc/Oz8vJ0snO1tDOz8/O083Rz9PO09DW09LW0tDO
0tLT09LM0tLW0tLH0tbT1tPT09PO09TT09PO1tTTz9TW09LT09LR0tLO1tXR09TR1tTR0tTR09TR
0tLR09PR09PR1tPT2NTY2NLT09jT1tLT2NLR1s/T09TM2NDY1tbT09PO09DT2M/R0tLT1tTT09DW
1tLW0tDT1tPTz9TRz9DR1tLOz9PTz8/R09TT0s3O0tLT0tLWy8/M0tDOz8/Tzc/Wzc3WzczTzc3M
z8zYzczMzc/Rzc/RyM/MzczMzc/Rzc3Oy8nTy8jHxsnOxsjEzcnEyMvOxsfMyMjRxsDJyMfJxsfH
xsHOxMTOxMTOxsfJxMPJwcbEwcPJv8TEvMPHv8HJv8HEv8DJnZ6ZkZCOkZKOkZSVjY6SkZCOkZSH
jY6Vf4B3h4KHh4SDioiDh4t/io6OmZmSusjOzdPWz9PhzdXW0tLf0tXdz9PYzdTa0s/Wz8zOyM3O
yMzOy8THy8vOyMzOxsTOyMvOyMzTzc/Tzc3YzczYz8zMzdDRzdLR09TW0tPR09Laz9Pd0tLYzdDW
z8zRy8vJy8zJ0tLOzdLW2Nba0snTz9DO0s/EyMnOxsjEs7m8uLm3urm3vLiuuLq8uLm3v7m6vLm8
vLq6wb28vLm8wcC/v76/wb3Cwb68v8DCwbrCwcO/xsPExsTCxsbHxsTJy8fHy8bEzcTCyMnJy8nJ
xsnJy8TJy8nMy8nJzczOz8vMy8vEy8jJzc3Jz83Jz83O0szHzdDJzcjO0s/Oz83O0tXR0tPW09PO
1tDW0tPR09DM0s3T0tTO0tPT0s/T0tLO0tTT0tbR09PR09XYzdbT1tLW1tXd2Nba09Xd2NTT09XY
1tLR09TO09LW09PW1tPO1tTW09TW2NTW2NPW1tXW2NbR1tLW0tLM08/a2NXYz9LW0tDT1tTRz9PY
0tDT09La09DR09PTzdTW1tLR0tDYz83T0tDW1tDJ0s3R0tDO0s/Ry8/Tz8/WzczMzczTy8/TzdPO
zc3Rz8zO0tDRzdDMz8/RyM3WyMvTzcnRz8zWyMfJy8zMxsnHxs3Oy8nEyMnMyMzJxsjJyMjJxsfR
yMfJxMbHxMfJxMfJwcfJxMfHvMTOxMPMxL7Ev8G/wcTEwcTOwcPJvL7HmZuckZWOkZKOlI6Sio2O
jYuLkY2Oh4aLh4B/f4SDg4uDjYaLs66uyMvR0tDdyM3Yz8/dz9nf1tbd1tTf0tPa2NXf09DY0tTa
z9PYz8/TyNDRxsvMxszOxMfOv8nOxsnMyMjOyMvR0tTRz8nOy9DTzdTWz83Ry83R09rWz9LYy9PW
09DWz9TYz9LYyMfMxsnRyM3O2NnY2N3Rz8/Ry9PTyM/JzczJwcfCuLq6ura6tba3uri3urq3urS6
vLO6tby6tbq6v7i8wbq6wcHCxL7Cwb6/xrq6v7zCv8HExsDExsTCxMTCy8TCyMHEz8fEwcnJy83H
vMjHy8jEz8vMyMvH0szJzcvR0svJyMzOzczRzczMz83Hzc/Rz8/R083Oz8vO0s/Rz8/O0s3TzdDO
0tLR1tTY08/T1szO09XOz9PR1tTR2NTO2NDRz83Y2NbT1tDRz9bT1tDR2M/T1tDO0tXOz9LT1s/R
2tPY09PW09jW09Pa0tbY1tDa1tPW2tTT2NbT0tLW2NPW09DT0tbT09XM0tDTz9DW09PR0tLTzdTR
2tXR1tbR2M/T1tDT1tLR1s/Oz9PT1szR08nR0s/T09DY08nWz8/O0tLWz9LR08zT09PT1tLRy8/T
z8zTz8zMz83Oz8/Tzc/Tz9DTyMvOy8/R0s3Ozc3Oz8nRy8zMz8vWxMjMvMzJxsfMyMzOyMvJz8/M
yMjMxMjHxsPMwczEyMbMxsPOxsnJyMjEwcvMwcfExMPHv8PEv8fEvMPMxL6/vMbJkZKZlJCSkZCV
kY2SkY2Oio2OkZKSg4CDg4CDg4KDlI6Hrq6uuLS3urzJxsjMz9Ld0tTaz9jd0tbh1tbf1tnh1tXY
0tbfzdPd09LdzdLYy83WyM/Ry8vJy8bJxMfMyMjHxMjMyMnMyM/TyMvWy83Oy8/My9DOz83Tz9LM
y8zM1svWyM3Jz9La0sjWxsfRyMnMy8zO09bWzc/OzczRy83My8/Oy83RvLqxtbG3uLi0uLGxura6
urOxuLm3uri/ura8v7rCvLq6v72/v73CvL2/wcDCxMC8v8C8xMS/xMTJxMPExsPHyMTExsfEyMjC
y8fEyMfCyMfHy8vHzcnEyMvJz8nOy8jJzc3Jy8nRyMvR08jRz83Oz8zJy8vM0svJzc/R0tDTzc3W
0szM0szRz8/R0tDR09TW1tPO09TW09LW1tTT0tPJ2NXT09Dd09DW2NTT1tLW09XO1tDR09DH09PY
08/T1tXT09PJ09XW2NLT09LJ1tnO09XT1tXY09zW09LW09TT09LY09Tf1tTdzdjW0tTW09Pa0tLY
09Xh0tbO09LT1tPW0tLWzdLW0tPR0tTT08/W0tTY0tPM09PRzdDO0tDTz9DT0s/O0s/Ty9DR09LR
z9LMzczOz9DRzdLRzcjJzczJy8/W0snTy9DM0s3MzczOzczTyM3MyMvOyMnWy8nMwcvHy8zMyMnM
yMnOyMfJxsjJxsfJxsfJyMnHyMPMwcbCxMbOwcTJxMbMxMTJwcTHwcPHwcDEwcjEv8PEwcDEkZWV
kY6SjZKVl46OkZCSkY6SkYuOf3x7g4J/jYuOs7Gxq7Cxs7a3s7OxuLm/vMbM09bd0tbd09razdXf
09naz9jf0tPa09Taz9PWz9Pay9Lay8vOxsvTxsvTy8jOwcjJxsbMyM3JxsnRxsfOyMfWy8zTzc/R
xs3TzczYzdDMz9LOzdDOzdLOyMnRxsjJy8/Jzc/R2N3fz83My8bOy8zOy83RxsnMurSxtbS8s7G0
uLS3uLS3vLa6vLa6ura8xLi3urq3vLqxury6wb3Cwb20xMPHv77HxMPHxsC/v8DExMbHxr3JxMTO
xsfCxMnHyMPJyMfE0svJyMnHzcjEy8bMyMvMzcnJzcvMzcjHy83Mz8zTzczHzczH0svMz8zMzc3C
0sjR0s/Jz8/RzdDW0tDM0tLT0szM0tDJ1tPMzc/T0s/R09LW1tbTz9LW0tLO0tXW09TW1tPW2tLY
1tTT1s/O2NTM2NXT1tTY2M/a09LR1tTR2NbW0tXY09XY2M/O1tPR1tTY2NPY1tLY1tPa1trW09PR
09LM0s/T0tLR1tTR0tbRz9Ld08/O09TO09LM0tLO0s/T0tDRzdPRz9DO09PWz9Laz8zT09LRz9DY
z8zRz9DYz9DOzc/Oz8/Tz9DTz9LYzc/Ozc3Mzc3Ry8/Mzc3Oy8nRy8/HzcnMz8fOy83Mzc3OyMnM
y8vEy8vRy8nOxsfMyMnOy8fOxsfJxsfOyMbJxMbJxMfOyMfJxMfOwcPJv77EwcbMv8PHwcTEvMDJ
vMG/lI6OjZWSl5COkY6SjY2Oio6Oh4uLg4B/h4iDs7G0sLG3uLi3tba0tba0sLa8q7m6vL3C0tTW
09Td09Pa09bf0trd09Pf1tjYzdjY0tDa09TW09DWy8jTxsTRyMnMyMjMxMzJxsfMy8vOy8bOy8jM
xsvMy8zRyNDRy9LOy83O0s/TyNLYy8zOyM3Rxs/HyNTOxs/R0tbWzdLOy8/MyM/YyMvMy8fHuLC0
tbS0tbSxuLa6uLq6tbm3ura3uLi6urm/uLm6v7m6uL68v7m8vLa8xMC/wb7Cxr3CxL3Cv8PHwcHC
yMO/v8nCwcjEyMbCzcnHzcjCxsjEyMjCz8fMy8fJyMvJz9LJzczHzczH08zJzcnO08jOy8zR0szM
0sfR0s/Oz8/M0s3R0s3W0s/O0tPO1s/T2NLT1tDO0tLW1s/O09PTz9DOzdTW09LR2tPR09XR09LO
09XO2NTW2NXW09TW2NTW09PT2NbT3NXW1tTW2NXR1tLW2M/W0tXT3NTT2NLT2tXTzdjW09XY2NPR
1tTa1tbY09TY0tPY0tXWz8/T2tLW09PT09PYzdDW1tTT2NXY09POz9DT1s/WzdLR09DR0s/O1tTR
0tPW0s3T09DR0tjT0tLTzdLRz9XOzcvO0s3T0s3Jz8fJzc3Oz9LOyM/Ozc3Rz8vRyMjOyMzMyMzO
y8zOxMvJy8zTy83OwcbJwcnEyMnMvMnMyMbJxMvMwcfHxsHHxMbJxMbHxsTJxMTJwcPEv8PHv77C
wcTHwcjEwcPHjY6SjZCVio6VkZCOkY6HjY2Lf35/g4J7q6auuLa8tbi/s7S6rrCxtba0uLq/xsvO
v76/vL66y9TT09ba0tXW09PW0tXY09XY09rY0tTh09PWz9PYy8/ay8/HwdLOyMvRxsvOxsfJxMvC
xsjJxsnHy8fMy8zEy8fTzcvMy8nTxsjRy8zOz8/Oy8/Wy83WzdDT09zTy83Oz9POyMvJzc3Rz8nH
xMjJs7O0s7G0urO0s7G3tbO0tbG6urq0urm8urO6vLq6ury6v7a/vL26xL66vLy6v77Ev726v8HE
wcO6wcDExsHExsPExMS/yMHHy8jHyMTOzcjJyMnMzcjCy8bOy8fHy8nEyMzJzc3Tzc3MzcnJzc3J
z8zJ0s3Oy8/J0s3Rz8zR0s3Hzc3M09DJz9LTz9DMzc3O09DJ09POz8nRzdPT0tPM0s/W0tLR1tLJ
1tPY09TR1tPR1tLR0tPR09Ta2NnT1tPW1tTa2NXT09LW09Pa09TY1tTO1tTR09TW1tLd0tPY0s/W
09TO09PT09PW09TY09XT0tLO0tDT09DW09LR0tLW09Day9TT0tPW09DJ09DW0tLW0tPY09DRz9LR
z8/R2M/Wz9DY0tPO0tDRzc/a0tLRy8zTz9DTzdDWz9DOzczTzczRzc3Ozc/Wzc3WzcjRyNDOy8zJ
yM/OzcvMyMvRxsjRyMvHzczOy8fJxsvJxsfJxMHOxsfOy8zMxsjJxMbHxsjMv8HJwcTHwcfCwcPH
wcPEwcPHwb7Jv8HHv8O/jY2SjZCOio2VlI2OipCVio2Lg3h7l5KVs7Sus7OxuLS3s7a0sLS8tba6
uLrCy83Ry9PWzc/TvMDCy83M0tTY1tba09Td09Xa0tnd0tLd0tbY0tXaz9LTzdDOzdLOy8zOxs3J
yMvOxMjExsbRxsbJyMfOyMnOz8jMyMvRxsnTyMzJyMvTyM3RyMzRz83HyM3Mz83Oy8/Mzc/ClJeu
y8vJy8vMvL7CtbOus7Sus7a0tbSruLa3tbi0tbnCuLi3ur26vLy0vLm3vLy8v7m3v768wb26xMDC
xsC8v77Cwb6/xMPHxL3CxsTCxsPHxMbExMfHxsTHxsfEy8fHy8fCy8bMyMjEy8vOxsPRzczOy8jM
zcnMz8zHz8zM0s3Oy8zRzczOz9LMz8/Ezc3R08vTz8/T0tPM0tPO09DM09DW08nT09TR0tTWzdTW
09LO09PT2M3R1tTT09XT09nW1tTY09PT1tbY09TT1tTT2NbO1tPW09PR09Ta1tTa1tTTz9PR09TO
09bT0tXT1tXa1tXY2NLY0tPR09TR2NLR0tTR0tXR09TJ0tLY09PY0tPT1tDT09TR0s/Oz9DW08/T
z9LT1tDW0tLd08/T0tLW0tDR0s3O0tDRz9LH0tLTz8zWz9DTzcjRzc3Mz8/Rzc/Yy8/My8zJzcvO
yMzMzdDOz8zOyMzRy8jMyMbOyMvHy8vHy8fMy8nMxsfEy8vOyMfHxsjJxsPHxsTEwcTHxMnHxMPJ
xMfJyMbExsTMwcTCwcDCvMHEv8HClJKVjZCSipSVjY2SipSSh4iHf4B3oqqita20s7G0s7S3tba8
uri6uLq3vMTOxszRyNXYy8vWzdXWyM/RvMDEy9LW09bd0tDY09TY0tXa0tLd0tLY2NTW0tjaz83T
zdDOxsnMy8vOxMjEwcPCvMTHxMfHv8fHyMvHxszOzcnMz8zOxsvWzczTyMfOzc/Mz8vMzczMz9DO
zczOorC6l6Cry8fHvLq6tbC3sLGxsLS0s7i0tbG0uLS6vLyxuLOxtbi3vLm0uri/vLy8urq8vL2/
v76/xMHEyMTCwb7CxsbExMC/v8HCxMjHxsnEyMbHxsPCxsfJxsjJyMjJzcbHy8jEy8zJ0sfJzcvM
y8TOzcjE0snR08vMz8/My83Mz8bOzc3M0szO0tDRz8/T1s/Rz8zR08/O09LM0tLW08vTz8/R1tTY
0tLO2NDR08zT09LR2NPR1s/W09TYzdPW2NTT0tnT1tLR1tTT09PTz9TW0tPa1tPR2NPW4NXW09TW
3tbY0tTW0tPW2NTT1tbR2tPW3NPW09jT0tjW0tPW1tTW2NPT2tTW083R0tPWz9XR0tPW0s/R2NTT
09TTz9PYz9DTz9Xa09TT0tDR0tTR0tPW09LWzdDTz9PWzc/R08/Wz83RyM/T0tDOz8vRxM/Rzc/T
zczOyMzOy8zMyMjMy8zJz8zOy8jO1snMxsjJzcfMyMnJxs3RxsbJxMnMxMbOxM/OxsjMxMbHxsTJ
vMjJxsHOv8bHv8fHwcbJwcDJwcPEv8PEwcbEkYuLkZCLjY6Oh42OjY6Lf4KDg3p7q66xs7Gus7C3
s7C8sLSxtbS6tbi3xsnOzc3RyMvRzdLRzdTWzdPfzdPav8fHxMnOzdPYz9PY1tXdz9XWzdLW0tXW
z9DYzdTWz8/Wy8zMyMjOxMjMy8fJv8bHxsPHxMjHyMnRyMvWyMnHxsbOzcvMxsnJyMnOy8zJy83J
0tLMzczTtcDHsL2/uLm8oquuuLS3sLOxsLG3uLSutbO6tbC3uLG0uLi3uLi3uLq0uLq0urq6v7m3
v7q3wb2/v7y/wcC6wcO6vL3CwcC/xMHHxMPJxMTCxsPExMHCxsTExsnEz8TJzcjEy8bHzdDJz8fC
xsnOzcvJy8vazcm/zc3O0svJ0snJxtDO0s/Mz8vM0snOz9DT0s/M08zRz9DY0tLT09PR0tLOz9DT
083Oz9PW09DR2s3R0tPY09TW0tPO1tTR1tTW1tLW1s/O1tTR2NjY1tTO09LY1tXY2NPW1tXW09bT
09XR0tXa1tDT2NTR09TW09DR2NbT1tTT09DW1tPR0tLY1tbY09LY09XW1s/Y0tPa09PY1s/M1tLT
z9POz83O0s/T09PR0tDT0tDR0tPR1s/T0tDO09PTy8/W0tPWzdLR0szYy9LWzdDYzc3Oz9DOy83R
z9DTz8/Ozc/My8vOzcvJyM/MzcvJy8zMyMvRy83OyMfOxsfRyMbMyMjOyMjEwcjOxsm8xMfHxMzO
wcbOxMbMv8DHwcPExsbJwcTHxMfOwcbHv8TExMDEwcDCkZCLio6LjZCLipKLio2Lf3pzioKOrq63
sK2rq6uxsLCutbGusLC6uLy6xsfMz8vOy8zTzc/YzdXYz9PYzdTay9TOwcHEv8C/z9La09bY09TW
zdnaz9XT09Paz9PWz9Pay8/RyMnMyMvRyMvMwcPOxsa/xsvJxsnOyMbOyMfRy8nMyMnRyMzMz8nJ
zdDRzcvMyNDMzczMoLC3vMC6sLOxv77CtbCutbGus7ausLC3sLGxuLG0tbS3uLaxtbautbO3urm3
vLi8uLi/vLq6vLm6v7y6v73ExL6/xMG/v77CwcTExr7CyMTCxMS/xMa/xsbHy8bMyMfEy8jHzcbE
y8bJyMfRy8nEzc/OzcvJzczMz8jJy83Hz8zM0snMy8vO0s3T08zR0s/R0tDO0svW0tDO0s/Mz8/R
0tLRz9DJ09bR0tTR08/O09bM2NDY0tLM0svW1tDW1tXR0tPR1tLT09XY2NbT09Td0tPa2NzR09TW
1tTW2tTR0tTT2NXa2NbY09TO1tjRz9DT2NPT09PT1s3Y0tXW0tXY2tjR09PO0tXW1tPY09bY09PT
z9LY09XTz9TW09LO0tDT0tDR2tDO0tLRz9LW0tPYz9PR09PTz8/O0tDY09DJzc/Yzc3Ty9LM0snT
z9DRzdDOz8/Ozc/Rz8zHzczWy83Jy8vJy8fRzczOyMvTyMnMzc3JyMvJzcjOyMjRyMzRy8fMxsjH
yMTMxMjHxsfRyMvTwcTMyMbExMfHxMHJwcbEwcHEyL3EwcPCwcPCkY6SkY2OjYuSlI2LjY2Lf3h3
oqClq7SxsLG0s7Gupa6urrCxtbS3vLrHxs3TxsvRxs3RzdXTxtDWy9DT0tPYy9PRzdXWy9LRur3C
yMnJ0tPWz9XTzc/Yz9TY09PYz9LYy9LRyM/Rzc3OxszOwcjJxsTHyMvJxMbHxMbMyMjHyMjMy8zR
y8vJy8zJz8vMy8zOyMvOxszMl5SrwcPEurzEsJ6fq66rtbOxsK6xtbGus7Gxs7ixs7G0s7S0urm6
vLa3uLa3ury6uLy3v763vL28vLy8vMS8wb66ur6/xL2/xL2/yMa/wcfCv8C/yMbHxsHJxsjJxsfC
xsHMzcbHyMjHyMbJy8fH08vMz8/R1szMy8vRy9DR0sjHz8zOzcjR0tPMz8/R0snH083T0tDO09XH
0tDO0s/R0szR0s/Ty8/T09bT1tTT0tPT09TW09DRz9PT09XR2NPa0tTR09TR1tDR09XTz9bY0tLO
0tPR0tPT0tPT1tPT0t3Yz9LW2NDR2Nba09LR09XT2NrR09LW09XW1tPT0tLT2NPY0tjR1tDM09TR
09XR1s/OyNPY0tTW2NXT2NTW08/Yz9TWz9PTz9XRz9LR09LT0tXT08vRyNLW09DYz9DRy9DYz83R
z8vTzc3RyM/T0svRy8/Rz8zTz9POzc/Ry9POz8zMxszMzc3Jz8zMyMzMxsfRy8vRxsnMyMzJxsjM
v8jJxsjMxMfExsjJxsnOxMjMvMTHxsfJvMvJusTHxMTExsTCv8bEwcDHvMPEjY6OjY2Oh4uOkY6S
g4iLfHx7oqirrq63rrGos66xrrG3rrCuqLC3xsjMxsvOwcnJyMzOy8/YzczRzdPT0tLTz8zY09LW
0tPRzdPav8C6v7y8y9DTzc/Tzc/dzdPTz9LRzc/Wy9POzc3YyMzMy83TxsnTxsjJv8DHyMa/yMfC
xsnJyMzTzcjOzcvJyM3Jy8/HyM3MxMjJmaCoxsnEvL28rqKZsKqrsK2rs7Ortba0tbGus7OxuLS6
urO0tbS3vLm0uLnCurq3uri/urq6vLq8urm6v8C6v76/vMO8vMG/wcG/v8O/xsO8yMO/xsPEyMfC
yMTExsHEy8jJwcfOy8nHyMfHy8nJzcTMzcfJzcvEz8fHz8nEz8nOy8jOzc/Tzc3Rzc3Rzc3J0s/M
1s/Oz9DM09DM1s/W0s3O09DRy83O1tDR0tLT1tXT08/R08/O1tTW1tTT0tPR1tXT0tPO09LY08vW
09LR09TT1tDT1tTY09XR09TT0tPM2NXY2M3T09TY09bO0tPO09PW09LM1tXW09PW1tLWzdXT0tTO
1tTO0tXO1tPT1tPRz9LW0tLW1tXM1tLY1tDM09LT0tPT0tTY09DW09LR0tDWz9DM09DOzdDO083M
z8/T0s/Oz8zO0s/Ozc3OzdDRzdLOzc/Yz9DOz83Oz8/RzcnO0tPOy8vMzcnRzcbJyM3My8vRyMnO
y8nOxsjExsnOxsbMxsjExMfMxsPOxMTMxMfMwcfJxMbHwcjMv8PHxMO/v8TCv8TEv8THjY6OjYuO
io2Lio6HeHp7h4B/q6uus6uxrq2rrqqurq6urq60v7rHxsnOwcjMy8jYyMvMy8zWzczWy83Rz9La
z9DYy8zOz9TYzdLTz9DYy83OuLm6xMvWzc/dzcnTy9DTzdDWzc3Ty8/Tz83RxNPOxsfOxsfMyMfJ
yMjOxsfJyMvMxs3OyM3My8bHy8vJy8vRzcvJuL6/sLO6xsfEv8O6s7Gxrq6us62us7Cxs7S0s7C0
uLCrtbCxtbSxs7O0tbq0uLi6uLa0v7i8v7q0urq6urq6wby/ur2/wcC8wb7Ev723xMPCxMC8xMPE
xsPEyMfCyMbMy8TCyMnMy8fHy8zJxsbJxsjH0snMzczEy8nMzdLJy8vOz8vHz9LM0s/WzcvHz9DW
z8/Wz83H0s3Oz83T0s3Oz9TT09LW0s/J0tXR0s/W1tLR09DO1tLO1tPO09XW09DY0tLW09TM1tLR
0tPW2NjR09Xa0tPO1s/T2NPT09TT2NbT2tPd09PT09TW1tLW2tTR2NDW09XR09PW083T2NPR1tXT
2NbW1tTO09TR2NbW1tLR0tLTy9TO1tPWz9Pa2M/T0tLO08/M0s/W0tLT1tTa0tXW0tPTzdLOzdPO
zdLO0s3W09TOz9DYzdDWzdPTzczRz83YzdLTy8zTy8vOzdDMzc3Jy8zJ0svMy8vOy8zMyMvOy8jR
y8zHyMfJyMjTxsvTy8bHxsvJyMbOxMTMxMbExsfMxMfRv8a8v8TExL3HxMO/vMHJxMjOv8O/wcHE
g4uLjZCLjZCOiouLeHNzf4B/qKuuq6quq62xqK6uq7G0uLzCxsjJxsfJxsfMxMjRxs3My9DTz8zR
y8jW0s/YxM/Rz9DTzdLazdDY0s/WzczT0s/Rtbi8xrrHzc/OzdLTzc3RzdLWz9DRz8/Oz8vRyM3O
yNDJxsnMyMvExsjJxsbMy8zHzcbOyMvOxtLMyMvOzcnMna23v8bCyMPEusG8rq2urq6urq6xsK2u
rrGxtbC0s7O3uraxtbSutbi0urSxvLa0wbm/urq3v723wbm6ury6usC8vL6/xL68xL7CvLzCxsG/
xMTEvMPHxsTExMDHy8TEz8PExsvJyMbMz8nHy8bJz8nJyMnMz8jMzc/M0snOzcnMzczRxs3Mz8/M
0szOz8zMzdLO08zOy83Oz8/O2M/J08/O0tDR1tDM0tPT1tDR083R09DR0tXR09LW09LO1tPR1tDR
1tLT2NTT0tPT1tXW0tbT09PYz9XT0tjY09XR09LR09jT09TT0tXT2NXW09TT1tXT1tXW09XW2NTT
1tbRz9XW0tXW1tDR09XW2NPW1tXW2NTT0tPTz83T2NPYyM3W09nRz9TTz9LT09TR0tLO0tDRz9DR
1svW083Tz8/Wz9DRzdDRzdLTzc/My83OyM/Ry9LMzc/Rz8nOxM3Rz8vRy8zYzczTxMnMzc3Ry8zM
zc3MyNPMy8fJwcfMy8fMxsjJxsjJy8nOxsTEzcfMxsTMxsnHv8fOxMvOxMPEv8bEwcTCvMbExMPE
v8PJxL7EjYiOio6LjY2OioiLfHp3g36DlI2VmZmZq6ursK60uL2/v8THxMfHv8TExMfMxMjOy8vH
yM3Oy8nazc3Ry8zTzc3OzdDOzc/Ty83TzdLW0tTa0svWz9LTyM3Ttb26xsjJzc/TzcvTzdDfy8zR
0s/Ry8zExszMwcvOy8jJxsvExsbMyMjTzcnJ0s3JyMvOy8nMy8jMlJ2lxsPHtbjCuri3rq2oq66r
rq2usK6usLCxsK6xs7C0uLO0sLSxtbGxsLO3uLS3urS3vMG0urm3v7i3wbm8v7q0v72/xrq/xr7E
wcDHwcS/xMHExsPJyMTHxsTHxMTJxsbEyMi/y8bEyMbEy8nEy8nHyMnMy8nJzczMyM/HzczHz8zM
y8zJzczH0s3Yz83Oz8vHz9DJ0tDJ0s/W0s/J0tDR0s3Rzc3Wz9DM0tPR0tXT0szR09PY0tDT09La
z8/W1tDW0tXT09DO0tPY1tTR1tXO2NXR1tXR09PR2NTM1tLT1tbR09XT2NnT2tjW09XY1tDW2NTT
09TR2NPW0tPY0tDTzc3W1tLT09LR09TY09LR1s/O2NDWz9PR09XRz9LW0tDT09DH0tjW0tDT09PT
1tDW0tTR0tTY083T0tLT0s/Oz8zO0s/Oz9DMzc/Wz8/Yzc/Rzc3Mzc3Ry8zWy8zRzc/Rzc/Rzc/O
y8vEy8zOy8nOy8zHzcvRzcjMy8u/xsnRxMvHxsjHyMjMxMTExsvCxsfHyMfExsTEwcTHxsTMwcHJ
wcTMxr3MusTHvMbMjYaLiouHh4uSg4J/fHx3f3yHh4iDnZuVsLS3tbm/vL7Mur7EvLzJwcTMxsfJ
xMDOxsfHxsnRy8vRy83Yy8vWy8/Rzc3Yz83Wz8zT0tDYz9LdzdPWz8/Yz8zf1tTWv8G8v77CwcPM
yM3Tzc/MyMnRxsvRy8zOyMbOxMbExMjCxsTJy8nMzcvOxsfJxsnExMvCyMzJl5uixMa/sLa8pail
sKqrsK20rq6orq6rrrGuq7G0s7Cos7CutbGxs7O0tbO3uLS6uLi3vLy3uri0urm8v7y8v7q/v7y8
xL68xLzCv8HExsO/wcO/xMHCyMbExMPExsTCyMTMxsTJyMbCxsTEyMnJy8jRzcbOzcvEyMnHyM/H
zcjEz8nJy9LMzczOz9DEz8nR0szJ0s3Mz8vMzc3T09DMz9PJ08/O0s/J08jW0tDO0tLT0s3R09LH
0tLR0tDT08/W09TO2tPR09PO08/T2NPT09PY2NXT2NPW2tTR1tXM09TT09TM0tLT1tXO2NTW0tXO
2tbY09PY2NLYz9bTz9PW09PW09jW1tXO09PW1tPRz9PR1tLY09bR09LR0tPR0tDO08/M0tPM0tTO
0tLR0tLT08/T0tLTzdLO08/R0tLT0s/Jz9DR0tDTz8/Rz8zOz8/Wzc3Oz9LOzc/Oz8nMz83Jzc3W
0s3Jy8vRy8nJzcjRy8vMyMvOxsnWxs/Hy8nHyM3MzcHJxsvHyMfOyMHMxsbJxMfHyMjHwcTRwcbC
yMTJwcO/v8TEwcTJv8bHwcTHjYuLh4iLio2DbG5ueHx7g4B/oKWitbi/s7a6vLzEuse/v8DEwcDE
v8fHxMnOzcbMyMzTxsvOxsnMyMTRxtPRzcvMzdDYy83Tz8/RyMzRz8zWz9DOyM3T0tTR08/O0tTW
xsTJvLG0uLi0vLm8xMTHzcfOy8jTxMzOxsvRxsfHz8bMyMjMy8nMyMvJyMnEyMnMxMfEpbC0uMC3
q7S0paOfrqioqKiurqirs7CxqLCuta6rs7SxuLOus7S3tbGxtbSxuLO0tbm0urm0tbm6ur23vLm6
v8G3wcG/wcC/xL28xMTCyMO8xry/yMDCzcTCxsbJyMTEz8fEy8nExMnHxMTCxsjO08nJxsjJz8HJ
yMzJy8vMz8jJ0szMz8nMzcjO0snOzc3JzcnTz83Jxs3RzdLO08/Oz83O0szR09LR2NDR0s/M09PT
2NDO2NDW09TT0tTT08/R09DT2tLT09DW09TTz9TW1tTRzdjR1tPW2tLT1tXTz9TW2tjT09XTzdXR
2tTW1tPT3NXT0tXM1tXY09TT0tTR2tDa2NTT09bW0s3R2NPR0tDW1s3W09TR09Xaz9bWzdPR09LR
z9PR1tDT09DW1tLR1tLT1tTY08zRyNDOz8zR0s/Tzc/Rz9DMy9PRy8/OzcvR09DO0szRy9LHzc3M
xszRz9PMyM3Ry8vOxsfOzcnJv83MxsnJyMnOxsvMyNPOxszMzcnOy8nMxMfHyMjMwcnHwcbJyMbM
wcHEwcPJvMTJv8bCvMDJvMPHwcHEwcfEioiHg4iDh4KDT1JOdXN7rq63tby/urnCuL2/tbq/ur23
vMDHurzCv77EvMfJwcbJwcTCyMnCxMPJxsnMxsjMyMzJyMvRyMnRz83TxMnJy8zOyMjTy8/Ty8vR
zczTy9DRy8nRy9DRs7GosLCrtbCxuri3v76/y8jMyMnHxMnHyMfHxsfHxMjJxsTMyMu/xsjJzcnM
naWusLrCs7m3paCfpaqrqKuoq6uosKulsKurs7GusK6xq7Outa6utbS0uLO0tba0uLi6uLGxtbmx
v7i6ura6vL66vLq8ur28xMC/wb7JxMbCxsDHxsPCyMPEyMPExMG8v8fEyMbJyMjJyMbHyMbJy8fH
yMvMyMnMzcnJz83Oy8zMzczMz8vMz8jMz8zRz8/Mz8/Mz8zO09DR0tDJz9LMz8zT08/Ozc/R0szO
0s/Yz9PR0tDW09PH09DR09PT09PO0tLR1tDT2NLW1tTT09DO1tPO08/O2NPR1tTW0tLd0tLa09TR
1tLO1tXT09PW09TR1tbT09PJ09XR09LR1tLR2NXM2NPT09TR1tPW2NDO1tTY0tPO0tPW0tPR09PW
1szT0tLRz9LT09TR09PT0tPT09XOzdDYzc/Ry9XTzc/O0tPO0svR0s/Rz83W0tLR0szOzc/J0szR
zc3T0s/Oy8zRyM3RyMvMyMzOy83Oy8nJy8zRy8zMy8nHxs3My8vEzcvMxsjOxMfHwcnMxMPOxMnO
xsfExMbJxMbHxMbJxsTOv8HHwcTHxsPHwcHHwcTMiouHh4aHeH53SUxOnaKos7a/s7m6uLm/tbm6
urm/tb3EvMDEusC/wcHEusHJwcPHv8POwcbHxsfHxsnOxsnMz8nOxsnOyMvOyMzMyM3Ry83Hy8jR
y83Ry83OyMnRy83JzczYyMvOy83OuLq3s62xs7GutbS3xMDExszJxsjRxMfHxsvJyMjEzcnMy8i/
y8fHxMvHxsfMsLa/uL63qKilqKqorqurq6qusLCrsK2rq6uurrGxrrGxsLCxs7CxuLCxurSxurSx
vLa8uLi3uLaxvLy6urm/vL23v72/wb66v8DCwcS6xL7ExsDCyMO/wcTJxMPMxsbExsTEzcbHxMTE
zcjJy8vHzcfMzcnHy8nHy8vMy8jHz8zMz8zJzczMz8/J08vMz83Mzc3Rz83O0tDTz8/W0tTO0svM
08/J0tXTz8/M083T1tPT0tLRz8/Rz9DOz9PM09Ta09DW09TM0tTW2NbW1tTO1tPJ2tbRz9TT09LR
1tTW1tTT1tTWz9bT09TT09TY1tTW09LR1s/W1s/W09XR1tXY09PW2NLJ1tLW1tjR09PT0tDYz9LW
09LT1tPHz8/R0tDW0tPJ0s/T09DW0tLRz8vO0tLRz9LW2M3R0tLR0s/WzdLYz8/Wz9PMzc3Tz8/W
zc3EzcnOz8/MzczMy8vRz83RzcvYzcvJzcvOyMjJxMvJzczJy8nM0snRyMjOy8jMxsjMxMfOxMjO
xMbJxMbMwcjJxMbHv8HJwcbMv8nMxMTOv8TEv73Hv8DHxMDJkYiLioaDeHN3mZeisLi0uLa8urm/
s7q/tcC/vL6/urm/uMPEuLzEur7EvL7CwcHEwcTHxMPJyMTHxsfJxMjHxsfJy8jOxszMyMzOy8/O
xsnJyMvMxszOy8zMxMvMxs3Oy83RxszOzc/WyMfOv8jEuL68uLaxur2/yMjJxsfJwcHExMnMyMvJ
xsjHxMTJxsbJy8bHxsbEy8fEs7Suq66opaqrpaiosK2rq6qorqirs660s66uta6xtau0s7Gxv7C0
s7i0sLO0s7O3tby3wba6uLy8ury6vLi3xrq8wb28wbq/xsC/xr68xLzCwcG/xMPCxsjCyMbCxsnO
y8TEy8THxsvHzcjJyMnJy8zM0sfOxsnJyMzH0sfJy8vO0svMz8nO0svJ1svO0s/Oz8/Ry9PRz83M
09DJ0tXJ0szOzczO09PR0sjRzdDRz83W09bT1s/Oz9TO09LT1s/T1tDO09XW2NPT1tXR09PTy9LT
z9rT09bT1tLY09PW2NjT1tPY1tPRz9LT09PW2M3Y2NLR09DR0s3Y2M/Yz9LY09PR09DRxtTW09DW
09ra2NXW0s/Wz9XOz9DT08zMz83T2NLT09XR0s/T0tLWz8/W0tPT0tDR0s/O0s3Ty9PTzc/Wz83a
y8/RyM3Ozc/Oy9DTz8/Ozc3O0szRzcvOy9TRyM3Mz8zJy8vMy8vTy8nOxszMyMvRxsTMy8zMxsnM
zcbHyMfHxMfJxsTMwcHHwcbJv8bOv8bHv8HEyMTHv8TExMHHxMDHvMHEioaHg4SHoKKosLO8s7a8
s7m/tbO8uL66uLzEtbq8vL3Cur7Cv8O/ur3EvMG/v73CwcTJxMTMxsPMxsPEwcPMwcDHxsbOxMjJ
y8bHxsTEy8vRxsfHxMvMxsvOxMfJyMvOy8jMyMjJxMjExsvMyMzMy8nEurq3usPHwcTHxsTHy8S/
xsfCxMjMxsbCxsbExMfExsPHwcO8xMS/ur60q6qoqKioqKWlq6quq6qfrq2xrq60rqurs66rrrGx
s7OosLSrs7G0s7Sxs7C0urG3urm0ura0v7q3vLzCv720v8C8v7y6v8G/xMC6xMHEwcC/yMO/xMTH
xrrJxsTExsO/yMS/y8fJxsnJy8fMy8nEz8jJz8zMzcvJy8zHz9DMz83Tzc3Hz8vM0szMz83Wz8jR
0svOzdDR0szT0svJzczM0tDMz9DM0tDYz8/J09DR0tLT09PM0s3R09DR09LR09LM0tDT083T09LR
1tLR1tLY1s/M09DY0tPTz9PT2NPY1s/Y1tPT09XO0tbT1tLY2NTRz9PY09PW1tTW09XO1tDW09LR
z8/T09PM0s/W0s3Y0tLR09LR0tTO0tTRz9DYzc3TzdDOz9LT1svT09DM09LOz9DT0tDWz9TJzc/T
z83Ey8/RzdLRzc3Oz9DMz83Ry83MyM/MxsnMzc/OzdDMzcnRy8jRy8vRyMjOxsvTy8nHzcjJy8jR
xsbMxsbJwcnTxMnRxsbJwcfHxMfHwcPExsbHwcTHxsnMv8TExMTJxMDJxsfHwcPCioSHl5mVsK63
s7m/tbm8s7i/tbq8vLy8urm6ury8ur26v8DCvLq/uL3CvL2/vLrHwcHCv8HHxsHJv8DCxMPHv8fC
wcTMxMfCxMPExMfHy8bJyMjJyMfHxMbCzcTRxMPJwcPOyMTMxsnHxsfMyMjHyMvJzczMwcfJv76/
xMS8xMDHyMjCxsfMxsTHxsbCxsjJyMTHxsO/wcPCurm3qKalq6aoqKalq6aiq6qisKWorqirs62o
uKuxs7CrsK6ouK2xtbGuuLO3uLS3uLm6vLa0urG6urq8v7q/uLy8v7q0wby8vLy6v768wcC/wcHC
v77CxsTExMbEyMPEyMjExsTCy8bHyMfJzcfJy8vOy8fCy83JzcvRzcvE08zH0s3EzcjJzcvOzcvM
zczOz9POz83H0tDH0svTz8/R083Mz9DR09LM0tDO0tTTz9DO09LO1s3R0tLY0tPR09DR2NPY0tDR
z9LR1tTT2NPYz9TW1tPO09DT083Tz9bT0tTR08/R0tPR1tPJzc3T09PW09LR1tbT0tPO09TR0tXR
0tTR09XT09LW09PTz9TRz9LW0tTR0tLT09TT09Da0tDd0tDW0tTW1tPJ0tTOz9LT0tDW1szOz9PT
zdLM0tDRyNDaz8zWz83OzdLRzdDTzdPRz83Mzc/T0svOz8zMy8vOy8nMyMzOy8nHyM3RyMvTy8vE
yM/HxsnHxsfRyMzOxsnJxsTMyMnMyMbExMa/xsvMwcfHxMTCxMHCwcPJwcTMv8HEwcHEusHCjYaL
sK2us7C0sLO0s7a6tbq/s7jCuri/urjCurq/uL3Cur7EvL3CuLrEur3Cv8DHv73CusDEwcPExsPM
v8jEwcPEv8PHxMTEusHJv8PJxMPCxsbMyMfCwcTMvMbJxMfJxsfOxMbHyMjMy8TExsfHxMTMxs/M
v8nMxMjEwb26vMHHyMbHyMfCxMbHwcvJv8PHxsbEwcHCwca/sLCrqKalq6ulqKaopaWlrqilpaqr
rq6lrrCrsLCus62rtbCxsLC0ta60uLi3s7S6uLm0uLi0uLm6ur26vLy3xLq6v768v766wcDCwcHE
v8DCxsDEyMHExMbCy8PCyMTEyMvCzcbEyMfEzcvEzcfJxsfMzcfJzcjMy8nOz9LOy83MzczM0sjM
z8zMzdDM0s3R0svOzdLO0szR2szT09PT1s3Oz8/O083T1tDO0tDOz8/O083Mz9DRz8zR2NDR1tLO
0tjR2M/O09PR0szW0tLT0tPO1s/T0tXTz9LO09TT2NPT1tXW1s3Y09bT0tLR0tTW1s/Rz9PW0tPR
z9LWz9PT1tDT1tXY2tLW1tTR0tTR1tTT09DRzc/R2tDT0svT0tXT1tLT0tDT08/Tz9PW0tTR0s3R
z8/Rz8zR1szTy9DRxszWzdLTz8zO0tLRy9LRzc3Oz8/Mz8zO083Mz8zOzdDOyM3Rzc/OzcjMy8vO
yMjHxMfHyMnMy8zJzcbHxMfJxsjHwcjJv8fHxMjHyMHJxMjJv8bJxMjJxMTHwcfHxMDJzcTEwcfH
v8HHjY6VsK2xs7S3sLG8tba8sLa3tbS8tbq8tbq8uLy/tbm8vL3HuLy8vLzEv77Ev7jHvMC8uL7H
uLnCvL3EusG8vMPHv8PEv8HCv8PExMTExsfHyMPEwcTExMPEy77Hv8PJwcbOwb7MxsbEwcbHv8DH
yMjEyMPHxsPHxsjJwcbHwbnEv8G6wcG/xsPCyMfEwcbMxMbEwcTEwb3Cq6qlqKWoqKaoqKiorqao
q6qoq6qorqqrrq2rsKulrq6us7GusK6xtbO0s7O3tbS3ura0tba8vLa6urq0uLy6wcG0vLy6v8C0
wbjCwb7CwcDCxMjCwcHCxMPEyL3Cxr7ExMPCxMnCxsjHy8bCyMjJxMjRy8jCy8zJz8jCz8vJz9DM
z8zEz8vOz9LHz8/T0s3Oy8vMz9DJzc/Oy8vR0s3Mz8/JzcnMzc/a08zJ09POz9LR0tDMz8vO083R
0tLJ1tDT08/T0tPT0s/a1tTR09LT1s/R09PRz9Laz83T1tPW1tLTz9PO09TM0tDR1tbR09TM0tTO
09nW1tDR09DO08zY1tXR1tPM2NXT0tTO09DT0tPWz8/W09LRzdXOz9DTz9bO0tPYzc/Jz9PMzdDW
0tLT0s3Rz9LOz9DRzc/T08va0s3OzdDWy83O0s3Mzc/Wy8/Ry8/Ty8vT0tDMy8zOzc/RyM/Ey8vM
y8vOzdLMy8vMy8nOxMnRy8jTyMjOxMfExMfOyMnHxMbMyMbOxMbHxsbRv8fCwcTHxsHJwcTExMTH
v8TOwcHOwcPJkZCSq6uuq7Oxrq60s7C6tbm3s768tbm8tba3uLO8uLy/uLy/ur7Cur6/ur3Eur28
vL7Eur2/urzEv8HJvL6/vL7JwcG8v8HHv8DHv8HEv8HHxsHHxMHJwcDJxMbJxMPJxMTHv8PEv8TM
wcfJxMPMxMPMxsTEwcfJyMTHv8G8urq0ury3uLq6xsfCxMbExMPCv8bCv8THusC8qKKlqKaiqKWl
q6aoq6alqKqopairsKuuq6qlrq60sK2osK6rsK2xsLSutbGxuLGutbSutba3uL26urq3urq6wb68
wby8v72/vL66vMC/v8DCxsDExsS8xsHCyMPHyMbExsbEyMPJxsjExMbCyMPEy8nEy8jCzcnMy8jC
y8vJz8nMz8jJzczHz8nMzc3MzczRz8zMz8zJz8vHzdPM0s3R0s3Rz8zRz9DO08/T1s3T09DT0tDO
z8/R1s/Tz9LO1tTRz9DR09PR1tPM09LW0tLR2NLW09LT0tLR083T0tLY0tXO09TO09PO09Lf083T
09LO1tDR09jW0tTRzdTO2NLR2NDR0tDR0szT0tPT2tPO0tDW09PW1tLWzdDRz9DO09LR09LR09DT
083T08/Rz9DR0tDT0tLRz9DTzc3Tz9DOz8/Yz8/Ry9DTz8/Ty8/JzdDOy83O0tLMy8/Rz8zRzcvJ
zdLMy8vRzcvOy8vTy8vRyMnTyMbOxsnHyMjMxsvRxsjJxMjHwcTJxsnJwcbJxMDOxMfJv8jMy8HH
v8PJwcHExMTHwcO/v8THg4SDopmiqKWos66xsLa3sLa0tbm6uLS6vLi6tbm8vLrCusC8xrm/usTE
urq/ury/usHCusO/v76/v77CvL6/vMDEvMPCvL3Cwb3CxL7Ev8TEvMPEwcjHxsHEvMDEv8jHvMHC
xsbEwcbExsPCxsTHyMnEwcbHwcTHxszHvLy3sLa0uLi3tby6xMTCxMjHwcTEvMG/v8C8tby6qKOi
oqKioKilpaqorqOorqqrq6urq62lqK2rq6ursK2uq62rsK6uta60uLCxura0tbO3uLqxtbi6uLi6
ur23urm6uLrCwbm/xr2/v7y8xL3Eur6/wcHCwcfEwcS/yMbHxsS/xsPHxMTHy8HHv8bJy8nHzcTE
zcnJz8bJyMzHz8nJzcbMzczJzcvOyM3Hz83Mz8zMyM/Oy8/TyMzMz9LM0tLOz8zRz8/O0szOzc3O
0s/R0svO09LM1tLR09DO0tLO1s3Wz9XT1tDR0tPRzdLO09LT2NPO2NLa0tLT1tPO2tXazdPR083O
09LT3NPOz9TR0s/TzdPR09TO09jO1tPT09DWz8/W0tXO0s3R0tDT0tLW0tPT0tXR09DR0tPTz8/T
1tPOz9LY09PRy9PRzdPR0snR0tDO0tLRzdDWz9LRz8/Ry9PR09DRzdLO0s3Ty83Mz83Mzc/MzczR
zcvRz8vOz8/Ozc/RyNDRyMnJyMnOyMfMy8vM0sfRxsPOy8nJyMfJxMbJxsTJyMnOy8PMy8jJxMbM
xMPHxMbMwcvMxL7CxsPCvMDHwcbJeHhzf3x/naCipaarrq26q7G0urGxtbS8sLS6s7O6ur68uLy6
uLbCvLy6ur2/uMPCur28uL2/vL2/ur2/vL3Ev73CvL3Hv77CvL7Jv8DEwb7JvMHCv8PEv8C/v7rE
xsHEvMG/v7rEv8HEv8C/v8HEv8G/vMO8v8PCwcDHuLm3tbC3tbi3uri3xL7CxsS3wcPJxsfCv73E
s7GuoqCloqWopaWoqKioq6airqirqKqrq6urrqqoq6WusKuisK2rsK6xtbG0sLG3s7O3tbauuLa8
uLq3uLi8vLm3vLi6vLq/vL68wby8wb3CxL3ExMO8xMPHxMHHxsTCwcG8xsa/xMTEyMfJxsi6xsfE
zcbJyMfHzczHy8nJyMfCzcjHy8nMzcjO0s/JzcnHzczC0s3Oz83Mzcza0s/E083Oz83MzcvMz9DR
0tDM08vOz9DR0s/O0szR0tLM08/C0szT0tLM09LR08/Oz9DT08/Rz9DR09LT1tLR09PTz9DW1tLT
1tTT0tLR09PR0tXR2NPR09LR2NDR0tTR0tPRz9DR09PJz9DR09XY09Pa0tLW09PW09DRzdXR09PO
1tPR08zW1tTTz9DT0tDR0s/Wz8/Rz8/M0s/Ry9DJ0s/Jzc/T08zTz9PWz8/R0szOzc3Oy8jMy8/M
z8/Rz8zR0s3Ry8vRz8jOz8vMzczMzcvJyMnRzcvMyMjMxMjJxMvJxMfJyMjOy8nJxsHHxMbJxMjH
v8bCwcfCwcfHwcPHxMbCv8bJwcPExsHEwcTCbG5zfHh/g4CDpaKipailq66rsLC3rrOusLa6s7C3
uLjCs7jCurm8tbq8uLm8tb2/ury3uLzCurjCury8vL3EvLq/vL7CvL3HwbbEwcDCusDJv77Hv8HC
vMHCvL3Hv8DCv77CvL7EwcHCv8HHv73Cwb7CvL7JwcHHv8C/s7Sus6uouLS3uLm/v8HEvMPHxMG8
xMPCvL66q62fpaOrqKOfpaafqKWoqKKiq6ilqKiuq6qosKqoq6iorqulrqqus6uusLOxtbGus7C0
s7G0uLixuL20uLm3urquuri0vLq8vL26xL7Cwby6wcG/wcDCwcC8yMC6wcHCxMPExsTCxMnCxsfC
xsfJzcvJzcbJyMvEy8jJy8zHzcvJzc/Hy8zMzcnC0sjJz8vMz8nO0tDRz8zMy8vJz8/Oy83J0szM
zc3Oz9DT0szJ0snO08/M0s3J2M/M08/Hz8/O09DT09LRz9LO0tLW0tLM0tDJ2NbTzdDM0tDMz9TR
09Pa09DT08/T0tXW09PY0tLWz9TO09POz83T09PR1tLR08/W09PT1tLW09LM1tDO0tLW09DW0tDY
09LR08/W1tPO09DY09TJ0tLa0s3Yz9LO0s/Y0s/Rz9PRz9DTzdDYy9PTz9DWz8/Rz8zWy8zR0svO
y83Tz9LWzc3Ty83Rz8zMyMzMzcnTyMnJxsvMxszMy83MxsvRy8jMyMjHxsnJy8fRyMnRxMjMyMTR
xsfExsnTwcnHxsPExMbTwca/v8THwcPMxMDCwcO/v8O8cHBueHx7eHx7g4aHqKCipaWrq6uxrrS3
rraxsLG0sLa6uL68s7i8uLm/vMC/tby8vLq8ur26uMC/uMO8usPEv72/ur7EuLy8xL6/vL6/v8HC
xrzCxL3Ev77HtcDHvMPCv8C/vL7CvMHHury/uMHCvMPEwbq/wb3Cs7q0s7m6tbm8urq0ur66wcPE
v728v77HvL2/urq3paOopaCfqKaipZ6lq6WlqKalqKiurqqorq6lrqqroqqosK6usK6usK2urrS3
s7CutbC0s7O0uri0tbi0vLy0tba6vLm3wcC6vL28wby/v72/vL68vMC/xMDExsHExsbCxrzCxMbE
z8bExsnHyMPEz8bJxsPHyMy/yMjEyMjJyMfH08bMy8fO08nJy8fJyMzMz8jRz8zMz8zM08zM0szO
z9DMz8/Rzc3Oy8/Tz9DJ0tDM09PJ08nR083R0tDTzczTz8zO09LO0tTWz9DW09LW0tPTz9LW1tXT
1tPY09DR0tPR09LT0tDT09DW09jO0tPR09XR0tPW09LT09LO2NrO0tLTz9TW0tXT0tDTz83T0tLM
1tDRz8nR09DWz8/W09PRz9PMz9LTzdDM08/WzdDRy8vO1s3RzdLR0tDT0tLRy8zOzdDOzdXJz8/R
z83My9LR2M3Oy9LOz8nOzcvRzdLRy8nJzczMy8vOzdDMyMzMxsTMxsTRzcnJyM3MxsjMyMjMxMjJ
xszMxsfEv8PHxsTMwcbJxMPMxsfOxsbHxMbJv8HCxMbHwcTJwcjEfHh3eHp7eHx3fHx7h4CDmZuV
qKOrqKqrq7C3s6q0tbS3s7a3s7C8tba6urm8vLi0ury/ur6/s73CvLy8vLy/vL6/ur2/urzHuL2/
vL66vMDEv8G/v72/v8DHv8DHv8G/usC6vLq/ur68vL6/vLnCvMDEwcC8vMC/uLauvLy/v768urm/
vLy8xsbHxMG/v8PEv8G/tbi0oqKioJ6ooKOipaOiqKKlqKalpailoqurqKiisKulsK2orq2usK2o
s6uxs7GrtbGrtba0tba0uLS0urS6uLS0uri3v7m6urm6v7q3vL6/xL6/vL2/wbzCv8DCxMG/xMPC
xsPExse/y8PHxsa/xsfExMbHyMTEyMjEy8zJzcfMzcfMxsPJy8vEy8vOz8vJzcnMz8vMy8bJy8zM
z8/Ey8vMz8zHzczRz8vJzc3Oz83R0szR08/Rz83H09PO0s/Ry8/Rz8/Rz9LHz9DW0s3O0s/Mz9LR
zdDT0s/J0svW08/R0tLT0tLY1szOzdLT09DMzc/T0tDH09DO0tLR09PW0tPTzdXT0tLT09DM0tDW
0tLT1tLT09LO09DO0tPO0tPY09LO0tDY09LRzdLOzdLRy9DR09LR0tLO08/Ry9DRzdDRz83Tzc3T
zc3O2M3R0s/Ty8zTyMfOz8zOzc3EyMjTyM/OzczRzc3Hy83Ry8nJy83OyMvHy8fOyNDRxMvMy8jO
wcbMxsfOxsnMxsfHyMnOxsfMyMTOwcTHxsfCyMDJwcTCwcTMwcPHv8HJv8TCdXh3eHp3fHVzf3x3
f35/f357kY6Voqalpaaurqqrq7O0sLO3tbm8uLm3s7a3s7q8uLy8uLq3vLm/uLq6ur28tbm8urnC
vL7Eury8vLy8v7zCuLrEv728v7y3urrCv72/v77CvL3Eur26v7rCuLq/vLq/xL28uL68uLixur68
v8C/uLq8vLy/v8PCwcHEv72/v7i8s7C3oqCfoKCfoqKioqOipaOiq6WipaOlq6arq6iirqirrqKr
q6ursKirta2rtbCxs7G0sK6ruLS0urSxvLi0uri3uri6vLm6v7y6vLq3v8C8vLy8usC3xLnCwb3C
v77HwcDCxsPExsHExMHHxsS/yMbCyMTEy8fHzcjOyMnHyMjMxsjJ0sjJy8jEzczOz8vJyMnWzcvY
zczJzcnJy8zEz8vTz8zRy8zT0sjMzczM0s3R1svTz9LOz83M0svJ083J0tPOz9TY08/Jz9DOz8zT
08/O08/T09PTz8/J0s/W0s3T09TR0tDO0tDR09LTzdPT0tjWz9LRyNDM083Tz9PYz9DR2s3T0tPR
0s3T09XT0tPT0s3O08/T0tLa0tDT1tPT1tDOz9PR0tDTzdDRz9DRz8vT0tLR0s/Tz8/Rzc3J0tLW
0tLRz9DT0s3Jz9LMzc3Tz8zMzdLRyM3RyMzRzc/Oy8zOy8zTyMjOyMvJyMvOyMfOyMnJyMvMyMfM
xsvTyMjHyMnMxsfMxsbHxMTOxsbJwcfOxMnMwcfMxMTHxMbJv8S/wcPHwcPHv8G8vMTEfHh3fHh7
fHN3eHx3g4B7f4R/f3x/g4CDio2VqKWoq6ios7OxrrOxrra3sLO8rra6s72/tbq/tbq8urjCtb28
uLq/uMDCurm/v7y/uMC/uMHCur26vLy/urq/wbnCvLTCurq/ury8ur63v72/vL2/vLy/v8C/vLy6
uL2/wb7CvLq3vL68v8PCur6/v72/vMC8uLm8rqOloJ6foKOiqKWlpaOlqKOiqKCoqKalpailqK2i
rq2loqurrq6rrq6usK2usLC0s7iusK6xuLC3uLGxuLS3ura3uLa3v7m3ur28v8G6xLm8xL66v763
ur2/v8DHwb7EvMHCwcG/xMS/v8HExszCxsbExsbCy8fJxsHEz8nHy8nEy8zOxsfJy8nJz8vO0snJ
zc3Ry8nJz8/Jz8zHyMnMy9DMy8nOyMvRz8jOz8zMzdLOz9DO09DTz9LMz9DO0tDOzc3Mz9DMzcvO
0s3RzdDR0tLT09PM09DRz8/M1s3M0tDT09DR09DR0tDRz9PO1s3R08zMzdTT09POzdLRz9PY08zR
z9DR09PO1s3Rz9DO0tLR08/O0s3R0tXT0tLOzdLR0tDYy9TRy9DT0s3Y09LRz9DOz9LRz9LO1s/T
xsvTz83T083T08/WzcvTy8/Oz8vRy9DR0s3My8zO0szTz83OzcvMxsjOzczRy8/Oy9DOy8vMxszO
yMjMxsnJyMzMxsjOyMnOxMzJy8fJxMjJxsfEwcbOwcbHxsTHxMfJxMTHwcnHv8TJxsDExsbMxMPM
dXN7eHh3eHx3f3p/eHp7g353f3p7g4B/g3yDin6DoqquqKqrq62urq6xs7O3sLO6tbTCtbq0tba/
ury/uLa6uLi6uLjEuLm0uL2/urrCtb68urrCur68vLy8uLm/vL23uLq8wbi6urq/uLy0uLi/vL23
vLzCurm6vL23vL68vLq8v8DEv8C8v8G/v76/v76/vLq6paOfnaKfoJ6ipaKioqClop6lpaaipaWi
q6WlqKairqqrpaqoq6aosKuos6iurrCrs66os66utbO3tbSuuLSxuri0uLS3v7i6vLy3uri3v7m/
ury8wb7ExLzHwby8wb26v77CxMHExMTHyMC8xsbCxsTCxsfExsbCyMfCwcvHxMbJy8bEy8bOyMjH
zcjJzcvMy8zOzczOyMfJz8nJzcfMxszOy8vMy8nJz8nMzc3JzczCz8jMzc3Ry8zMzdDTz8zRzc3H
zc3M0tDOz8/H0sfM0s/Ozc/M08/Ozc3Rz8/R08vOz9DT0s/W083Rzc/R0tLRy9TW0tLRzdDT1svY
0tLMz9LT1s/T0tLR0tPR09LRz9LJ0tPWz9jWz9LWz8/TzdLOz9DOz9LTz83Tz9DW0szO0szTz9DR
z83W0tPR0szEz8vTy9DOzc3Ozc3Mzc3Oz8zJzczEy8bOy8zOy8zOz83Oy83TzczRzczJzc/RzcvH
xMfTxsnJxszJy8TMyMnJxsnMxsfOxsjRxsfHxsjRxMbExsvJy8TEwcbExsbEv8PExMO/v8TCxMHH
vMHHwcPCeHNzeHp/f3x3fHh7fHx3f3x7h3h/g357f4J7ioCHnZ6fqK2lpaarq6qurrCxrrG0sLSu
s7SxtbO/uLi6tbi3uLa/urq/urm6tbi8uLm6uLq8ur2/ur28uL2/v7q/uLS/uLi3vLq/uLy0vLm8
ur28vL28vLq6urm8uL2/vL3Curm/v8C/v76/v728v8C/ur28s7G8oqCfoJ6foqKloqCiop6ZqKal
qKWfpaWipaOopaKrqKioq6arqKqosKqirq2rsLGrsK60tbG3sLOrtbautbC0uLi6urm3vLi8vLy3
vLy8vLi3vLq6vL6/wbq8wb26vMC8v768yMO8yMO6xMbExMS8xsbCyMbEyMfExsbEy77Hy8jHyMjH
zcbHyMvEyMnHz8TOy8nJy8vEzcnOzcvHzcvWy8vJzcvHy8/Ry8jO0tDOz8/ExsnRzc/R09DMz8bO
z8/Rz8vT0tDOz8/M0tDTz8zO0tTO0s/Tz9DR0s3O0s/Oz9TTz9DRz9DR1tLO09DJzdDTz8vO0s3W
09LW0tDT0tDOzdDM083T0tPRzdLRz9POz9DWz8/M1tXWz9DRzczOzdLR0tLR2NPR0s3Tz83Rz9DJ
0svW0tDOz9DMz83T0s/Wz8/T09PMy8zOzcnJzcfOyM/RyMzMzcfRzcjOy83RyMjOxM/MyMvMyMzR
y8/My8fOyMTTy8nOy8nMy8TMy8nEyMjOxs/JyMnJxMjJxsjHxMbMxsjHyMjMxMfEwcTCv8HJxsHH
wcO/xMTEwcPJwcHMfHpzeHh3g3x7fHp3fH57fHx7f3x/fIJ/f4Z/g4J/jZWZpa6uqKursLGrq6uu
rrCusLCxsLaxsLS0sLO3s7q8uLi8uL28urm6tbm/ur2/ur28uLi8tb26ury8uLq/vL26v7y8tbm6
uMC6vLm8tbq8uLi/uLi3vLy6xL68usC8ury6v728vMO/vLq8vL66vLi3urOumZ6ioKCfmZ6ipZ6i
op6ioqWipaWipaOlq6OlrqKlrqafpaiosKios6iopa2rsLCusLOxtbGxtbC3uK60s7O0uri3urq0
urm0vLi3ury8wbq6wby6xL63wbq8wcPCxsDCyMG/xsG8v8O/xMPHxMDEyMPJy8THyMPCxsTCy8TH
xsbHzcDCxMjJy8fJxsTHz8nJy8vMyMbJy8nJz83Jz8bMz8nMy8fHz8/M08jM0szMz83OyMzJz8/M
zcvOyM3M08jJyNPOzc3Ry8/H0s/O0s3Rz8bOzc/M1tDR09DR08zOz9DRy83T09PWzc/W1s3R0tLO
08/T2M3Ozc3O0tDRzcvY0tXY0tDR0tPWz9POz9LRz9LRz8nR0tDTzdPTz9LT09LWz9PR0tDTzdDO
0tPO0s3R2M/RzczMyNPTz9DTz8vTzc/O0s3Rz9DTy8nOy83RzcnRzdDR1s/Rz83JzcbOv83Ty8vO
zc3Mxs/OyM3My8jMz8vJxsnRy8fMxsvMy83RxsvRxMfJxMTHxMnJyMTMxsTRxMPMzcTJxMPJv8fE
yMTEwcHHv8TEusTHwcHCwb7CfHN7fHpzeHpzfHh7fH6Df3xueHx7f353g3x/f35/nZ6iq62upaWu
rquurq2rrqaoq62rsLG0q7O6sLGxtbS0s7C6uLa8urrCuLa/uLm6tbq6uLG/tba6tba/tba6urm3
urq6vLS8urq6uLa8urq8ury8vLi0vL2/vLq8urm8vLjCv768urq3uLy8ur28urq8q6urnZ6coJ2c
oJ2coJ6ipZ6foqKfpaKfqKKopaWlqKaorqiopaKoqKqlq6quq66osK6urq63sK6xs7G0tbGxs7Ox
uLa3urS0ura0ura0s7qxv7q6v73Ev7y6wb6/v728vL66v72/xL7Cv8DCwcDCxsO/xMPHxsbJxMTH
xsS/xsHExsa/y8fExMnMyMe/xsjE0snJyMfTzcvJyMfRz8nEz8jM0sfMy8vTy8/JzcjMzc3Oz8/R
zcvRz8nOzc/Mz8vMzczR0snM0s3Rz83Wy8nO0snH08/Mz83Oz8zOzc3Rz9DR08vO0s/Wz9PRz83R
z8/TzdDOy9PR09LR09LTz9PMz8/Tz8/R0s/T0s/Tz8/W0s3Rz9DT0s3Wz8/Oz9DTz83M0svOz9LR
z9PO0tLRzc3Ry8/Rz9PRzc3Rzc3T08nR0s3Mz83Oy8zTzc/Oz8vRzc/MzczRzcvOyM/Oy8/RyM3R
y8/OyMvHyMvMxsjMyMvMzczOyMvJxsjHyMvTy8zHxsfOy8vMxsvJwcfHxMbMxsbOxsTMyMjMv8TM
wcTHwcTMv8TEwcfHv8HExMHCv8DCv8C8eHVzfHpueH5zfHp3fHp7fHp3f3V7f353g4B7g4B/oqKo
q62xrqqxqK6rq66rq6uoq62xrq2rsLC0s7C0rrC3tbG3tbS6s7i3s7i6tbbCtbaxtba6tbi0tbq3
tbG8uLbCurixuLS8tbq3tbS0v7q6uLm/uraxwbq3vL3Eur26tbq6tby3urq3ury8uLi6tbi6oqOo
oJ2SnZ2coJ6fnZ6coqCfpaKlqKOrqKOlqKKcpaalqKaiq6WorqaorqqlpbClrquls7CosK6us7Cx
sLS0urC3tbO3uri0v7a8uLi3uLS3wba3urq3vL23wbq8wb6/wb26vLm/v728v76/wcHExMDExMTC
xL3ExsbCy8fCy8jJxMfHyMS8y8vJyMfHy8bJz8TJyMjJyMnMy8fOxsbCzcjEzcfJy8zMz83OyMnO
z8vJzcvJz8nEzczHz8zMyMjRz8/Rz83Ozc3Rz83Oz83Yz8fOzdDR0s/Jz8zOz83T08zOzdLT0tLM
z9DT08nMz8/M08/TzdDR083Rz9DR09PMz9LR0szRz8/OzdPW0szOz9DO083Rz8/Oz8vM0s/R08/W
z8vY0tDRz83T08zYzdDR0tDR0s/Oz83RzdDMzdDTzdLMz83Hz83Ozc/H0s3TzcnMy83Jzc3Oy8nO
zc/MzczOz8nJy8zOy8zMy8fOzcjEyMzOy8vOyMvHyMnEy8nJyMjJyMfEyMnOxMbMxsjEyMTHxMbR
wcbMxsHHxMbHwcfMwcHHwcPHv8THvL7JxMPEvMTCeHN7fHxzf3VzcHx3fHV3f3x7eHx7f357fIB3
f4B/paiiq62uq6qxq66usLOxsK2xrrGxq6uuqKqoqK6usK23q7CxsLq3sLa0tbS6uLPCuLi6uLm6
uLi6tba/tbi3tbi6urq8v7a6uLa6uLi/s7i8tb63ur26uL66vLq8ur20urm6ury6v8G6sLy6urm8
urauoJ6cnZminZ6cop6foJ6inaKfoqKfoqKfqKOinaOoqKOipaWoqKarq6iurqioq6ulsKqus7Cu
s66usLO0ta20s7SxurOxuLa6urm3ura6vLm0vLm6wbm3vLq6vLy6vL68v728v728wcPCwci/yMHC
yMC/v8HHy8bExsTCxsDEy8bHy8bCyMbHxsTEy8fHyMfHzcjHz83MxsPEzczJyMnEzcjMyMnJxsnJ
z8fMxMzJz8nMyM3Mz8/Mz8zOy83Jz9DJzdDMzczT083O083Oy83OzczOzc/MzdDMzc3O0szM0s/M
y8/O08nMz9LOxM/Oz9PT09DR0szT0s/Mz9DT0s/Mzc3W09PR083RzcvWy9TRz8/O0tPR1tXOz8/R
z8/R0tPOz83Oy8vRzdPOzdPRzdDM08/TzdDMy9LTzc/Ry83OyMnJz9LY1s3O0tPOz8jM0s/Oy8zR
y8jOxsvOy8nMy8nRz8zRzczOxsvOzcvOxsjOxsvHyMnOy8jMyMjMy8jJyMjJyMfJzcjHxsnMxsjJ
xsjJyMfMxMHEv8bJxMbMxsTHvMHEwcHHv8bHv8PHwbzCv8DJdXh3eHpzeHp/fHV3fHxzfHx7fHV7
fHx/f3x7h3x/oKKoq62rq6quq66usK6oq66urq20sLCrsKq0q660qKuorqiurrC0sLOutbC0s7O0
s7a0uLS6uLi6s7i0uLC3tbG8tba3urq3tbi0uLa8s7i6tba8urq3ur23uri3tbq8uL6/uLy6urix
sL2/uLm3sLSunZWZop2foJ2coqCcoKCfpaKloqOfoqCooqWiq52lpaKfpairpaKlpaqfq6iopaqu
sKuusK2usK2xsLC6s7GxuquxtbO3tbauurG6uLi3vLm6ur28vLm3v7q3v8O3v7q6wb26wby8v73C
wcHJxL3ExMHHxMPCyMTEyMTCyMTCxsfHxsTMxsfExsHEzcjMyMnHzcTJyMbJyMjTy8zJy8nHy8jM
0szJy8zMzcnMz8bOzczHzczMy8nOy8vMy8zJ0szJzczHz8vMzc3My83O09DJ0snHz8zRzczT0szO
z83Mz9DRzc/JzczTz9LOzczRzc3Tz83J1szOz8/Oz8/Mz83T0s3Mz8/RzdDOz8zYz9DY08/Ozc3H
0s/Mz8zOyMzTzdDOzdPOz9DJy8/OzczRz9DJzc3Jz9DOzcnTy8zRy8nOzdDWzc/Rzc3Wzc/MzcvO
y8/My8vWzczHy8/MzcvJyM3My8bRy8vMy8vH0sfOy8nOxsfJzcbOy8jMyMvOy8jMxsjJyMfOwcfR
xsfEwcbHxL7MyMTHxMTHwcvOv8fHwcPHwcTEv8bHwcTRwb7EwcPJusDJfHV3fHp7fHp7fHp3fHhz
f357f353f3x7f353g3x/nZ2VqKiosKqrq6quq7Crq62uq7Crrq2xrq6rq62urq2usKuuq620rq6r
rrG3s663s7O0sLS0s7i6tbm6tbC8tbi8tba8tbO3tbS0tba3tbG0tbixuLq0urq6ury8vLy6vLq3
vLq3urq6uLS0tba0sLGumZmfnZ2fmZ6foKCfoKCinZ6foqKlnaCloqKlpaKopaWoq6WfrqOlqKir
qKqrrq6rrq2osLCrsKuxs66utbGuta60s7GuuLS/vLS6uri0uLm3wbi6vLm6vLm0wbi6vLq0ury8
wba8v77Cv8DHv73CwcDJwcHCwcPHwcDCxMTCxsPHxMbRyMfEyMHHxsfOxsbHy8bJyMfMy8jHyMHM
zcvHyMnJyMvJyMfMyMnC0tLEzcjMy8zMz8nOzcm8y8zMzcnOzc3Tz83OzcbJ0s3Rz8nOz9LRzczH
zc3TzcfMz8/Rz8zJ0svRzc/W0szOz8zOzc/Jz8vOz8/O083R0svR0s3TzdDHz8vOzcvM0s/Jz83J
0s3My8vOz8zR0szR0s/Rz8/J1s3Rz83Tz8zM09LT0tDTzc/Mz83Rz83EzdDYy83Oy83MzczW0snM
zc/Ty9DOzdDWy8vOzc3Mz8nMy8vMzczMyMfTy8vRyMzJyMnOyMnTy8fOy8nMxsnHxsvMyMzOyMbE
y8fMy8jHxsfHwcjJxMPHxMjRxMS/xsfCv8bCxMTCyMTEv8PJvMHEvMTEwcPHusPHf3hzfH53fHp7
fHh7eHpzeHp7eHx7g3p7eHx7fH5/jY6Spaulpaioq7CurrCxs66usK2xrrGxs7Oxs7axsK20q7Cu
sKq0rrOxq62urquusLG3sLGxsLa3tba3rrS0s7a0tbS6s7S0s7a6tbm6uLS0urS3usC3uLi3uLS8
tb23urm8vLi/vL26uLm0s7SxqKaolJmfmZucnZmcpZ6ZoJ6cpaCfop6ioKCioqKioqOiqKOooqOl
q6alqKqoqKqorqurq6ulrrCrsK6otbOus7CusLC0sLO0s7G8q7S0tbq6uLq3s7O3v7y3s76xv7q8
v766urm6xLy8v766wcG8yMC8wcC8wcC/yMPEyMS/xsHCxMbEyMTCyMjEzcbEyMfHzczEzcbJyMbJ
zcnHyMnHyMTOy8jMxsjJz8PH0tDJy8jJy8jMxs/MyMnJzcHOzczOyMzJyMnMz9DOy8vMy8vR083T
y8zMzcbMy8/Mz9DMzdLO0tLRy8/Oz9DOz8vRxszO0svO0s3T0s3R0tTRy8/Jz9LRz83Rz83Ty83T
z8/Mz9LO2NLOy8vOzcvTz8vOzc3R0tTR0s3Oz8zM08zTzc3RzcnOzdDTyM3Rz9DRz9DMyNLRzdDM
zczRzcnOy8zOy8zMzczMzcvRyMnMxs3OyMjRzcvOzcjOxsnMyMnRy8vRyMfWy8/OxsvOxMnOzcjJ
xsnMxsnOxsnMxMjOxsnHyMjMxMfJxsTExsHMvMTJv8TCwcPOyMTHwb7HxMfJv8G/wcHCv8bJeHNu
eHh3eHhzeH5zeHpzfHpzf3p7f3xuf3yDg3yDf4KDnaOlqKirqKq0q660rquusK2usK60sK6rrq6r
sK23rq6xsLCus7Crq6qrq6uosK2uq6qurq60s7OusK63sLa0sLa0tbS3s7S6s7S0tbO0uLS3uri/
urm3uLm6s7i6vLixuLm0uLautbO8uLOxoqKil5WZnZmVnZ2cop2coKCfop6cnaCioKCVoqOcpaCi
paOlpaOoqKCrqKWxrqilsKOorqqoq6ursK6xrrCxtaqrs660s7OxtbG6tbS3tbS0uLa6uLO0vLmx
vLm/vLq6urq/v7y0xMC8v8C6v768wcG8xMHCxL7Exr7HxMC/xMTJxMHHxsPExsbCwcbJyMfOxsjJ
y8vHyMjJyMjExsTJyMjEy8jMyMfHy8fOy8nRz8TJxsnOyMvOzcnEy8vHy8nHzcfOzczHy8nHz8nO
zczMzczMzcvHzczRzcvOzczMz8zJzczJz83Mz8zHz8zRz9TMzdDOz83Ozc/Rz8zMz8zJ0s3T0s/O
z8zH0s3Yy83Oy8/HzczTz9DM0s3OzcvOz8zTz8/Oz8zMzc/Rzc/My8zOy8vRz8zMz9LWy83Tz8zJ
y9PRz83Ry8/Jzc3Mz83RzcnR0sfTy8zMyMzJy8/MyMzRy8vTyNDOy8jHy8jJxsfMy8nHxsnMxM/O
y8nOyMTTyMfOxsjOxsfJxMfHy8fOwcfJv8TJwcfRxMbMwcfHwcbMwcTJv8HEwcDExMbEv8DHwcO/
vMPEfHV3eHVzeHNzfHh3eHV3dXh3fHx/f3x3fH57g3h7f3x7kY6OqKqrqKurrqqxrquxq7C0q666
sLC0s660sLCus62xrrCxrrC0rrGurq6uq66rq6qrrq60s66uta20tbO3s7SxsLO3s7S8tbC0s660
tbiuuLnCuLSxs7S0tbi6tba8uLS3tba3ura0sK6xoJucmZWVoJmZnZuVnZufoJ6coJ2VoKOfnaCf
pZ6ZpaOloKOipaKiq6Coq6irsKWuq62oq6iosK2us6iurqurs66utaqus7O3tbS3ura3urS0uLS3
urS0vLa/urS0v7q/vL63v7m0urq/wb6/v766xL7Hv8DCwcHHxMC/xsHHyMHHxr7ExsTCxsTExMG/
yMbHyMPEy8bJyMfHxsnJy8vHzcbHyMbHz8PMyMjMy8vMy8jJyMjHy8zJzcfMz8vHzcvEyMzHy8zO
zdDMzc3Oy8vJz8vJzcTMz8zOyMzMy8nJyNDMzc3M083Oz8zCyM3Tz8zMz8zHz8zRz8vRz8zR0s/T
08vTzczT09DT0s3O0s3T0s/Rz83O0s/Yz83RxsvMz9DT0s3Rz9DRz83Jzc3M0snTzdLR0s3Oy8zT
zc3Tzc3OyMvTzc/My8zOz9LOzcvOy8zOxtDMzcnRyMzMyMzOzcnMz8/MzcbOz8vRy8vOyMTMxsjJ
yMnJxsvOyMjOyMfJxsfJyMfOxMjCxsTJxMfOwcbHxMnCxMbJwcPJxsbJxsfHxMfEvMTMxMPEv8O8
vMfMv8DEvL66dXNzeHV7eHN3bGlpdW5ueHxzeHp7f35/f3x/f3yDg35/jYSLq6uurq60rrGuqK2u
q7G3sK6rrquxrrOrs7Sxq7G0sLCxs660sK60sLC0sLO0rrGxq66rs7Grrqurq7SxsLC0rrG0tbO0
tbO3s7O0s7a0s7mxvLq0uLm6tba3sLi0uri8tbS3sLS0rqWulJuVmZ2VmZuVoJ2cl52ZoJ2ZoKCZ
nZ6foJ6coqOioqKfoqKioqWoq6WopaWlq6qlqKiosLOrq6quq6uus6qus7Cxs7GruK6uuLS0uLa0
uLm6s7Sutbi3ura3uri6v7y6v7q6tbS8v726vL3Cur68xr2/v73ExMTCwcPCxMPEwcC/xMPEwb6/
wb7Ev8O/yMfHxsjHyMfJy8jHxMTHyMbEzcvJy8jExsnMyMjMyMfHy8nJyMnMxsjJy8nMxtDMyMnJ
y8nJxsPEyMvTy8nJzc/Mz8zM0snO0tXRz8/MxszOz8jMz8vM083Rz8vRz8nOz8zM0s3Ozc3Jz83O
0snT0s3Oy8zOy9DT1tLR0szRz8vRzdLR0s/R1s/RyM/WxszOz8zRz9TOxs3Oz8vOz8vO0szR0s/M
zczOy83Rz8zTz83Oz8zOz9DOz8nOz8zMzdLTy8/OyMzOy8nM0szJz9DOy8jOyNLOy8nMy8/Rz8vJ
xsnJyMbMxsjJyMnMxMbRy8bMyMjJwcvJy8jExsTJxMbHxMDHxsTEwcbMxMbExMbHxL3ExMTJusDH
v8THy8TJyMDHvMPJvMHHeG5zfHh7dXBzX1hkaGdffHx3eHp3eH53fHx7f3p3f35/l5miqKaxqKq0
q6uxqK2xsKuurq60rqqrsK26s7Grrq60sLG0s7S0rrC3sLGusK63sLCurq6rs62rrrGurq6urq60
s6u3sLG3sLG3sLC0s7Sus7a3tbC0uLS0tbauuK6xs7S0sLa6rrCupaWimZWcmZWVmZmSmZuVmZmc
naCcnZuZnZ6fnaCcoKCcoqWipaKcpaOipaOooqauq6ioqKqrq6ils6ulrq2osK2urq2os7CxrrGr
s7Guta66tbauurG3vLG0uLS3ura6tbi8v7m/vLq/v7i6vLrEv72/vLrEv7zEvL2/xsHExL3HxMG/
yLzEyMPCxMPJy8fHyMPHxsbEyMPHyMjHyMbExszCyMbCy8fOy8vHyMfJyMjTyMjJz8nEy8jCy8nH
zcvHy8vMyMzHz8nMyMvMzcbMz8nOy8nHz8nOzcvMzczMyMfMz8zHzczH0svOzcnMzcvOy8fOy8zR
zcnOz8jMyM/Mz8zOy8zOy8zMy8vRzc/JzczOzc/OzdDOzcvTzczRz83OzczRzdDOzdLOy83Oy8/M
z8vRy83Mzc3Rz8zHzczHy8zM0szMyM3MzczRxM3TyMzRy8vMzcjMyMvTxsvRyMjTxszOxsnOxszM
yMfMy8jOzcvRyMjTyMfMxMbOyMnRyMfRxMjMxsTMxsjExsjMyMfMxMbHxMjHxMjMxMbJwb3MwcTH
wcbJv77Cv8DMv8HExsDEv8S/v8TEdXNudXVucGxpWk9UaGRkfHh/f3V7f3x7f3p7fHp7g4J3oKWl
qKWoq62xq6arpaqrrquurq2rq6Wuq6uxq7Gxrqq0sLC3s7Cxs66urq63s660rqqxs66xsLCxsK20
sK6usK6rsLGus7G0rrGxsLO0sLOxuLO3uLm3s7SusLS0sLSxtbSxs7Gxs6qxoqCcnZWcnZecnZmZ
nZWOnZeimZufop2ZnZucoKCcoJ6cop2foqOfpaWcrp2fq6WfpaaoqKWrq6ilq6qurqurrqqusK2u
sK2us66usLS0s7GxtbOxs7SruLOxtba3urm3uLixtbbCurq8vLa3uri6wb66vLrCwcC6v8C/v8C/
wcHCv8DEwcHExMDCxMO8xsHCxsHJxsHHxMfHyMPJyMbHy8TExse/yMfEyMnEy8fHzcfE0sjHxsjH
yMjJyMbJzcbMyMnMxMnHz8nJy8vMz83Jy8jRz8zCy8jOy8zMz8vHy8fMz8vJyMzMy8vOzcvOzcvT
z8vRy8nWzczOzcjTz8/My8zTzcvRz8nJzc3Jy8jRz8/Oz8zTz83RzcnH0szO0szMzcjO0szTzdDT
0s/Mz83Hz9PRzc3MzczHy9PRz83Mz8/Mzc/JzcvMzc3Jz8nMy8zTyM3My8zMzczOy8vHxs3Jy8vH
y8zJzczOyMnJy8nMzcfTyMnTyMfMyMbJy8jJxsfMxsbHxsfJxsnMxsPMwcfExMbCxsnExMTJwcTJ
xMHHxMbJv8S/wcDEwcPExMHEv8HJvMHEv8C/eHhzfHp3WltaVFVaeGxzfHh3eHx3fHp3g3p7f4B7
l5Wcq6urpaarpauoqKquq6uuq6ixrq6uqKuurqqurquuq66uq66urq60sK6us6uusK2xsLOurq6u
sLOus7CrsLSoq66xqLC0sLO0sLSxs7OxuK6xs7OxuLS0s7a0sLO0rrGxs7Ous7a0rq6ul5eZl5uZ
mZmZl5mcmZuiopmcnZufoKCcl52coKCZpaCcqKCfoqKioqOlpaWoqKWlq6aioqioqKaurqqurquu
rrGorq2xsLCxsLGus7Gus7Gutbi3uLO3tba3vLm0uLS6wbi3s7S3urq6vLm6vL28xL2/xsG/xr7E
v8G/xsPCxsO8xse/wcPCv8TEv8HCv8PCxsTExsTHzcfExsbHzcTCy8bExsTHxsTEy8fJyMnHy8fC
yMfHz8THy8jHz8jJxs/My8vJyMvJyMjHy8/MxsfHz8jJz8zMyMvOxsbHz8vMy8fOz8nM0snMzcvR
zcjJzcvJz8zMzcnO0svOz83My8zOyM3My8zMzcnOz8vJy8zOy8nM0szOxsvRzcnRy9DR0svOz8zO
zdDMy83Ry8nHzczOy8/MzdPMz8vJzcvOyM/Mzc3Mz8zOy8/Oy8zRyMvO0svJy9LMzczRyM3OxszM
xszOy8jRyMzMxszMy8fRyMvJxsvMzczMxszMxsnJyMbHyMnJyMbExsjJy8TMyMjJxMfMxsTMxMTJ
xMHJwcbEvMbHwcHHusTHyMPEv8HJvL3Cv8HEv8PCvMHHdXBzcHBpX15UY1hacHBufHhuf3p3eHp3
fHx7l5mZoqarpaWiqK2rqKqopaqlpaqoqK2rq6ilrq2uq6qrrq6rpaiuq66urq6xrquoq66xsK2x
sKursK2rsK6us7Cuq7GosLCorrCrrq6urrCus7C0s7artbarta2xs7O0s7ausLGxrrO3sLO0sKir
l5mSl5SVnZeZmZmSmZmfmZefnZmVnZucopWZoJmfoKKfop2foqCfoqKfoqCloqWrq6Wiq6aoqKil
q6qrq6KrsK6lrquorq6usK2xs7G3tbO0s7S3sLOxuLG0uLa0uLa0uLC3urm/uLy8vLq6urm3v7m/
v726v766wb26xLa8xMC/wcDHxr2/wcC/xMDCwcO8wcbCxMO6xMTHxsG8xsTCxsPHyMfJy8e/xsPE
xsPJxsjJyMjJyMjCyMbJxsvHy8nMy8jHy8fHyMnJy8bEyMnHzcnMzcjJy8bJzcfHy8fJz8bJzcvJ
y8vM0tPRy8zJzcnMzcjMz8nRz8nHyMvOzcvMzc3My8zRz8vOz9DOy8vJz83Oy9DMy8jTz8/M0szO
0szM0szOzc/Rz83TzcvJzczTyNDWz83MzczHz83Mz8zMzczOy8vOzczMyMzTz8jOyM3Oy8jRzdLO
y8jJzcnJy8jOyMnMxsnOxM3My8vOxsnJxsvOyMjJyMfJxsTHyMnOxMfOyMfMxsTJxMjOxMfMwcbM
xMfMwcTEv8S/xMPJxMDHwcbHwcO/wcHEvMPEv8HCwcDHvMDEvMPCcG53bGxpVFVOVFhUeHBpeHh3
f353fHx3lJScoqCioqqrpaaoop6rpaiopaqrpaarqKaorqirq6quqK2lrquoqKauq62uq62uq6uo
rq60rq2xqK2xrrCrq62usKurrq6rrq2uq620sK60sK6rsLC0sLOusLG0tba0sLO0sLOxs7GxsLOx
q7GxpaiomZWSl5eSmZSVmZeOl5ucmaCcnZmZnZufmZ6foJ6coJ2VoJ6coKCZop6fpaiiqKOoqKOo
rqWoqKilqKqlqKuurquurqurs62rs62xs7Cus7CxtbO3s7GuurCxurOrurO3uLO3urixuri3v8C3
wbzCv7m6vMC6v7zCxL26v766v7y8xsO0v8HEwcC/wb68xrzEy8DEwcbCyL7CxMTExsPCxsDCxMbH
xsPMyMjOxsjOyMbJyMzHy8bOyMe/xsbOyMjHyMfRy8jOxsnMyMjMyMbJy8nMyMnJzcjHyMfHy8jJ
y8zRz8vOzc3OyMzRy8nTy8zJy8nMyMvWy8vMzcjMy83EzcvM083Ry83HyMjTz83RzczWzczOzczM
zc/Oz8/Rz8jOz8zTy8/RzcjMz8zO0svHzc3Ry8vTzczJyM/Oz83Ry8vOy8/My8zOzczJxMnMyMnO
y8vEyMnMzcjRy8jOy9DJy8jMzcnRxsfRxMvHyMnHxszHyMjExsbJxMPMxMbHxsTRy8HMxMjHxMPJ
xsnMyMPExMbOwcTMxMTEwcTJxMbJv8DCwcPHv77Hv8HJv8HEv8PHv8C/vL6/eHNucG5uaGdfY2Rf
eHx3fHp7eIKDl6KioqOioKaooKWomaalpaaooq2lpailqKirqKqrpaWrpaqlrqioq6qlrq2xq6Ou
q7GxqKuurq6xrq6uq6urrq6urquurq2uq66urq2xq7Crq6u0s7O3ta6utbO0sK6xs7GxtbGrs7S3
rrGxq7SrrrOunZ6flJWSl5mVlJWVnZWZmZSZl5mZnZuZnZ2ZoJuZnZ2ZoJufnZ2fpZ6cpaOiq6Oi
paWiq6iroqaoq6KoqKqrsKqrq6uurqqos66rsK6rta6xs7CutbGuta63urOxuLG0s7S6vLa3vLa3
tby3tbq8urS8uri6vLq8xLy8wbq8ur2/xry8wbq8wcDCxsHCxMC/xsDExMTExMbCxsHHxsPExMPH
vMTHyMbMxsDHxsbCxsjMxsTHwcbJy8vHyMnHz8bEzcfEyMi/wcjMxsfJyMzJy8jJy8zMy8jJy8vM
xMvCyMvR0snMxsnMzcnMy8nMyMzJy83HzcvMzcnJzdLMz8zMy8fHz8nMxMvOyM3Hz8fRyMnMy8zR
zdDJzcvMyMjMzcfTy8vOz83RzcnRyMnR0tDMz83Oz83OzcfRyMnR0szO0szTy83Oz8vOz9LRyM3J
z8jMyM3RzcvJxMnJxMzMzcvMy8zOy8jMy8nOy8jOyMTMy8fTwcnMyMzMyMnJzcfMxsjRxsbMv8bJ
wcvHyMjJwcTMv8PJxMHHxMbEwcjHv8TJxsbJv8TMusHExMTJwcPEwb7HwcDEvMHCwb7EdXNucGxk
cG5kdWxkeHVuiouHnZuioqOooqWopaOioqKioqWopaaooqOlpairoqalpaWoqKirq6irpau0qKqr
rqWrq6iurqqrrqqrq62rqKurq6iusK2orquxq6aoqK20q66rsK2rq62rq7Gorq6xrq6xsLCrs7Gu
rq6xs7G0s7Gxrq2xq62onZWZlJKSl5SOl5KVlJWZmZSVnZWVmZuZmZmcopucmZuVnZ2coKCioJ6V
oqKVop6ioqOcqKafoqalq6aoqKiopaWoqKqlrq2rrqqrsK20rquxsLG0s7Cxs7Ous7C0tbOxuLS/
uLG0tbS6uLa3uLa/vLq/vLm8v7q8v73Ev7m6usC/v7y0v7zCxLzCxMHCwcDHxry/xMHHxMDHyL7E
xMC/xMbHxsHExsHHxMS/xsDMyMPEwcPMxsPExsfMy8e/yMbJyMfEyMfExsfEyMfJyMfJy8DJyMnO
xsbJz8fMy8bHyMfJzcjJxsnMy83Wy8zOy8bMyMnMzc/JzcvJzczOz8jOzcnOy8nEzcbHxsnJzcvR
z8nMy8vRzc3CyM/Oy8vJy8jRz8jTy8zMy8nM0tPMyM3JzcvJyM3OzcvYzc3Tz83My8vOy8zOz8/R
y8nMy8/MzcfOyMzOyMnJy8jMyMvMxsvHyMfHy8nRyMvJy8jRyMfJxsbExszJxMjMxMbHxMnMxsfC
xsfJxsbMxMbMxMjExMbOxMbJv8TMxMPEwcPCwcTMxMfMwcPMwcHHv73EvMbCvMG/v8DCv8G/v8DH
dXNzdXVpeHBzeHBzl5efmZ6fmZmioKKloqCloKOopaWloqWrop6ioqWooqWlqKCooqaxqKafq6Wu
rqqoqKirpaixqKqoqKqrqKqrq6qrq6uoq6iuqKqoqKurrqurq6qrq6qxq6qurqqrrqurrrGusLGu
sLGxrquusK60s7Corq6urq2rqKqfmZSSlJKZl5SSlJeVl5eVl5mVmZWVlJmZnZ2coJuZnaCcnZmc
nZ6fnZ6ioqCcoqOipaKloqOlrqWlpaaoq6qiqK2rq6ufrquuq6iusK6us7Cxs6u0s66xtbCrtbO0
s7GxurO0tbCutba6urm0uLa8vLq3urq3vL28vLy/vLq3wbnCwb68wby/xMG8wcHEv8G6wby/wcHE
xMPHxsTExsC/xsDExL3CxMS/xMbExsbExMO/xsTCxsPExsbExsPTy8PJxsnHxsbEzcbJxsnMxsfJ
yMjMy8nHxsbMxszJy8fEy8vHyMHOyMnHyMjOy8jHzcfMzcnJzczOz8vEyMvHy8vMy8vMyMnTy8bM
xszEzcnHz8vHzcjTy8vRzc3CzcvOzcvEz8fOyM/OyMvMz8jRzcvRzcnOyMfOzc3Hy8/JyMfMy8zM
zczMzcnMy8jRzcvOzc3Oy8zMyMbTyMnMyMvMyMnRy8vMxsfTyMnOy8jRxsjOy8bMxMzEy8fJxMfO
zcTOxMTExMfMxsjJwcbJxsbMxMTHwcTHwcTCxL7MwcbMwcHHwcTJxMbJwcHHxMfEv8DCvMPEwcHC
vMDEv8DEcHVueHhzg3x7lJWVl5ucoJ6ZnaCioqWfoqKooqOloqKioKWooqaoqKOooKKloqWlqK2o
qK2xqKqopaurq6qurqaooqiopa6lpaWopaarqKiosKqrpa2rq6uurqquq62urquuq6qrrq2xq7Gx
q7CxrrCrrrSuq7Curq2usLC0sLGrrrGroqiiipSVl5SOmZSOmZWVkZeVmZeSmZeVnZucnZmcoJmZ
naKfmZucmZ2fop2ioqCcl56cpaaiqKWfqKWfqKaoq6qlq6aorqqoqKqrrq2ota60s6uxrq20sLiu
sLi0s7GutbauurOxs7O3urm6tby0sLa6wbi0vLi/v7a6v7q8vLm8ur28wb26vMC6uL66wb6/wby/
xr2/xLy/v8DEusDCv73HxMfCwcTHxsfJxMDCwcTHxsHOxsnJyMfHzcjMzcvJxMTHyMjHxsDExsfM
yMbMxMfExsbHyMbMy8nExsfHy8nOyMHHzcnJyMzHyMbJxMnHy8jEzczJy8vJxsTOxsvMzcjHyM/M
y8TMzczMy8nMzc/OxMzOzcjOy8nMz8zMy8nOyM3Rz8vMwcnRzdDRxMzMxszR0snOwcvRy8bRy8nR
y8zJz8nOxsnRy83OzcjMzcnJ0szHyMbMzcbOy8jMy83Oy8nOxsvOxszMxMnMxMTJxMbHxsTHxsfH
yNDMyMjJwcjJwcfMxsfMyMfJxMfJxMPOvMbJv8fCwbzEvMTHxMbHwcTHxMHHv8HMv8PEvMDEv8DC
v8bExsDHvMPHvL6/f357jY2VlJSfkZKSl5SSnZ6ioqqooqCloqCfoJ6ioqOloKWroJ6ooqWroqao
paifpaWxpaalqKaopaifpaaooKiooqarqKioq6irpaqopaixpaalqKqiqKuuqKaoqKiupaqoqKao
s6urq6irrqius66rsK2rsK6rqK60q66rrqqurquuoqOll46SlJCOl5Wcl5WZmZSSmZSLnZmVmZmV
mZecmZKZoJuioJ6VmaCfop6foKOfpZ2ioKKrpaWfpaWfqKioqKalqKaorqairqioq6WusK2lsK2u
rquus6uusLCota60sLSus7Guta2xtbauuLaxuLa3uLmxurm0vLm6uLm6urq3urm6v7y6v726wcO6
wcC6v7zCwbq6wcC8v768wcS8wb6/xsDEwcDHxMPHxsHMxsDHxMTExMbJxMbHyMbHxMTJxsTHyMbH
y8THzcDHyMfCxsbJxsbHy8fMxsTOxsnJyMfRyMfJzcjHyMfCxsfHy8bHyMjCxsjJwczJzcnHzcjM
xsfMyMbHz8jEzcbOxsnEyMvMzcfMzcnJy8jJy8fMy8zHxsjRz8jOyMvMy8vEy8nMy8vHyMnMz8vR
yMnRyMvRzcnTy83MyMnRy8/MyMvOzcjMyMbOyMvOxsjHxszJxMnHyMnJy8vHy8nOxMfMxMjMyMvE
xMbExsnJxsfJxMfHxMfExsbJwce/wcPOwcjMxMTHyMHOwcjJwcjJv8PJxMTHxMbHxMHEv8TOv8TM
wcDEv8DEv77Hv7rCusDCvMG/lI6SlJSOkZSDl5KZpauotba6oqquoKWinaCcoKClpaWooKCloKOi
oqOopaWopaCrpaWlpaWiqKWrpaaoqKWoqKarpaqoqKaoq6WopaafpaaloqKoqKilqKauq6qrq6uo
paqrq6Wlq62oq6ilrqaus62rrq6rpbGurrCrrqucpa6rqKirnZucmZSSlJCSlJSSlJWSlJWZnZWO
l5CVnZmZmZmVnZmZnZ2SnZefmZmfnZ2fnZ6foJ6ipaKcoqOipaOfqKaoqKilqKqrq6irrquipair
rquxq6urs7Crs7Corq6xrq6usLCrs7a0tbS0urOutbS6uLO3uLa0uLi3ury0vLm/vL26vLm3v768
vL7Hwb2/v7zEwb66vLq8xMG/wcDHyL7ExMC8v8G/xL7HxsG6xMG/xMTEwcTCxsTExsbHxsbExMTC
zcbMyMPCxsbMyMHExsbEwcjEy8HCxsTHxsjJyMbHy8jEy8jHxsnExse/yMfHz8TMyMnEyMjJyMnM
xsfHy8nHy83HyMbEyMvOzcfHyMjMy8zEy8vRyMzRy8vOyMfMzcjMzcnMz8nMy8zRz8nJzcnMxsvO
y8vMzcvJyMzHyMzMy8vMyMvMxsnExszJyMm/zcvMy8HOy8nRxsjRy8bMxsnHxMbHxsnJxsfCxsjH
yMnOxsfJyMnCyMTHxsfOxse/xsfHxsfTxsfMxMHMxsTHxsTRxMTJwcTEwcfJxMfHwcHOxMHJv8TE
wcPHv8HHv8PEv8O/v8PEv7nJvMG/v8PEipSZmZWVl56frqurnaWinaWioKiuoqaloKOfoKWloqWl
oJ6foqKloqWloKWiq6WloqWrq6arq6aioq2ooqCroqOlqKaopauooqilq6qlpa2oq6Olpaurq6qo
q6qoq6urpairpaursK2rpaurpaqurq6rrq6upa2rq66urq6upaurpaaol5mSipKSkZWSkZCVmZSS
l5SVnZeZmZeZnZeVoJuZoJWZmZ2ZoJ2ZmZuVnaOcoKCcnaCfpaCipaKlq6WlpaKfpaiipaiiq6Wi
qKuisKqrsK2usLSrsK2osKuxs7Sxs7Cxs7G0sLG0tbG0urCuurOuuLa0uLixxLm0uri3vL63ury6
xLm8v728v72/uL66v7y/v7m8ur68xMa/v7q/wb7Cv8G8v7zCwcHCxMHHxsTJwcTExMTHxsHEwcTH
wcfJxsbHzcbJxMPEyMTEz8THxsjJyMTEyMTEyMbJxsjHxMbHy8bHyMjHy8jJyMTEyMjMwcfMxsnM
xsvJxsfJy8bRyMPJz8fJy8fJyMnJxMnJz8fMzcPMy8vJy8nMzcfOy8jJyMfHzc3OyMjJxs3OyMPO
yMfMyMjOzczExsjJxtLOxMjOyMjJxs3Oy8jOyMjJy8bEy8zJxsvMxsfRxsfJzcnMyMTOxsjHyMnJ
xsTOyM3MxMbJy8vMyMvOxMbHxsbHxsjHv8THwcfJxr3JxMbHwcbExMPHusHExMPHv73HvMbJxL68
v8HJuMHHv73HwcHCv77Cwb7EusO/tcDEusHCv8HEoqOfoqWlnZmcmZ2cmZucnZuimZWclJWfoKCf
oJ2ooqOooqKooKKlpaKcoqalpaCioKWfpaClpaWloqalpaWiop6loqWlpaarqKCloqWlpaaooqii
paWoqKiopaKroqauqKuopairpaqorq2urqWorquuq62rrqioq6u0q62rpaiooqKilJCLipCOkZKS
lJSOlJSVl5CVl5WOl52ZmZSSmZmVnZWZnZmVoJmcnZucnZ6cnZucoJmfpaKioqOfpaOopaOiqKWo
oqilqKilqKWuqK2uq6ursKqlsK6usKq0rq6us7O3rq6xtbG6tbGxtbSxtbS0ta63uLOuuLm8tbS6
uLm6vLa3uri8vL20wby8usG3wbq8vL2/vLm/v7y3v8DCwbrCwcC8xL6/wcDExMG/xMTExsHExMPE
xsG8xMS/yMTEwcPOxL7CxMC/xMTCxMfEyMS8xMTHzcTExsTHxsfEy8TEyMbHxMTMxsPMxsbJxsbJ
xMTHxsbMxMbMxsHMy8fCxsfOxsbMxsfHxsjJxsnJy8bJyMnHyMvJyMfMy8nHyMTRxsnExsjRy8HM
yMvRyMzMxsfJyMnRxsjHy8TMy8jOyMjHyMjOy8nJxsvJy8vMyMfMyMTHxsjJxMfJxsfHyMHMxsfM
y8bCyMbJxsfHv8TRxMjOyMfJxsbJyMbHxsjExMfCy8nHxMjMxMfMxMPOxMS/wcbHv8TMxMTOv8TH
v8PCxMPEwcPCwcO/v8HOvMHEv8HEv8C8usHEv8DEusDCv77EmZufl5ecmZefmZufl5WckZeSlJWV
naCcoKOfoqKinaKinaKioqaooqOinaOioKOooqOfoKOiqJ6loKWroKWrqJ6opaWiqKWonaOooqOr
paaiop6lpaaopaWupaioqKiopaaoq6qoqKauqKWoq6qlq6urq6urpa2rq6qrqKqoq6iooKOlkZCL
lJCSlJCLlI6LlI6VlJKOl5WSlJWcl5eSmZeSmZWVmZeimZmZnZmZopuVop2cop2foJ6coqCfpaWo
oqKfoqWlpaWlq6ioqKqlrqilqKqoqKqrsKurrq2os6uurq6rs7G0s7G6uK23tbOxs7O6tbG0urSo
uLS/s7q6ura6uLi6uLS6vLqxvL7Cv7q6vLzEvLq8vLq8wb28vL6/v76/xL7HwcC/yL2/v8PCwcDE
xsHExMPCxMDHxsDJxMPJxMPJxMbCxsHHxsPCwcHExsTCxMbHv8HHyMTExsTHxsbJxMO/xsbCy8PH
xMfCxsfJyMnHyMbHxsfHyMjHxsfJyMbEyMzHxsfMyMjMxsTEy8jEyMbExsjJy8zHy8vRxsbMyMjM
xsjHy8/OyMnRyMvOyMTMy8fJyMjRy8THy8vJxsvMzczWxsfTxsbMyMnMxMvJyMvHy8zMxsjMxsfH
xMTHy8fMxse/xMvJwcPMxsjJxMjHwcjMxsbJyMTMxMPHxsfExsHJwcTMxMfOv8TMv8THwcS/wcPJ
v8THv8THv8THv8HHwcPHvMPEwcPHvMG/wbzEv8C/vMG8v8DHvMDEvL7Cl5WVlJmZl5uZl5mZl6KZ
oJ2fmZ6fnaWfnaWipaKioKWioqafoqCioqWloqOlmaOinaKioKWloqWioqCooqWlmaOioqOioKCo
qKWopaqiqKirq6OupaaooK2opaiupaqopaWioKaosKirq66roq2ls66uq6uoq6qrq6urrq2rq6Wo
nZ6Zl5CSjY6SkZSOmZWVlJCVlJWSlJSZlJWVl5eZl5eSoJmVoJuVoJWVl5mcnZucnZucmZ6ioKCi
maifq56ioKKlpaKfq6WlpailqKuirqioqKirrquisKqrsK6rrqqrq7CusLOrta2xtbCus7a0tbG0
s7ixuLG6ura3tba3tbq/uLS3uLS6ury0vLq6urq3wbi3uLy8v728wb28usDCwb7Ewb7Cv8G6usC8
wbm8v8PExsC/xL7CwcHExMDCwcTHwb7ExsPHxsfCxsbExsPHvMTHxsfJxsbExMbHyL2/xMjExsPJ
xsfHzcfHyMbMxsjHxMPHy8zMxMfJyMfHxMbJzcbHyMbExMfTy8vHyMbJxMDH0snM0snJyMjMyMnM
xMnJyMnHxsjExsjHxszHxsjMxsjMxsnJyMTJz8fJxsvJxsvMxMfJyMbOxszMxMnOy8bJy8THyMfM
xsfJyMTJy8nHwcfHy8THy8fJxMjHxMjHxMfHxsbMyMzJwcTJxMTJxsTJv8fHwcTEwcfHvMTExMHC
wcfJvMHEvMfCxL3MwcPExr7Cv8TJv8PExL7Hv77HwcDCvLnJv77EvL3Hv7y/uLq8kZKZmZmfmZ2f
mZ2fnZ2imZ6fnZ2coJ6ooKKfmZ6ioJ6ioqClop6loKKloKClop6ioqKfpaOlpaKfpaKioqKooKCr
op6ooKWioqOipaaioqOlqKaopaOfpaWooqWoq6aroKWcqKalpaqoq6iopaarqK2oq6ulq6qoq6ql
qKalpZ6lkZSSkZCOjYuSjZCOlJCLl5COlJCZlJKSl5CVl5eVlJeVmZSVmZWcnZeVl5mcnZuioJ6Z
oqCfoqCfop2copuioqKopaWcqJ6ipaOiqKarq6qorqqlrqqxrrCoqK2orq2rs6qus7CxsK6xsK6x
s7Gos7OxtbC3tbSxs7axtbO3uLS3urm8uLC3vLm0urmxvLq8uLq0v7zCvLq3v7y8ur3Cwbq/wbzE
wb6/wb7Ewby8xMHCxMTCwb2/v8C/xMDCwcTEwcTMv8PHxsDHwcbHxMbHxsHHxMO/yL7ExsTExsTM
yMTCxsHJxsTEyMPHxMPExMa/wcjCxsbOy8fMz8PMxMO/yMjCyMPMxsbOxsbOxMvMzcjExsjExsTJ
yMbMyMfJxsjHyMbJxsnHyMjHyMnJyMfHyMnMxsfJyMnJzcjJyMjJxsjMyM3MyMbMxMjHyMzMxMfH
yMvMyMzJyMjOxMfJxsPHxsfHyMbMxsHJxMfMxsjHyMjJxsbMxsbHxMfMxMbCwcbJxsbJxMTTxMbO
wcbHv8TMv8HHv8TJv8DEv8HHv8PEusHMwcHEv8HCvMHEv8PEv7zCur7Cv7zHvMHEvLzCvL28l5mZ
mZecmZufl5eZl56inZ6fmZ2foJ6cnaCioJmloJ6loKKfnZ6loqCloqKfoJ6loKKfpaCcoqKloqKi
oKKfoKCopaKioKOioKWfqKOooqWlnaWfpaKxpaOiq56opaWopaafqKOlqKqloquoq6arqK2lq6ur
q6uoqKirqKarpaKikZSVkY2OjZCSkY6OkZCSlI2VlJKZkZSOkZeZlJSZl5Scl5ScmZecnZuZoJmZ
mZ2ZnaKfoJ6foqCfoqKcoqOfqKCfoqOfoqCiq6WlqKOoqKWiq6qlq6ufrqqrrq2urq6usKq0sKux
rquxs6qrtbG6s7O0s7G0s7O6uLS6uLm3ura0urOxurm3vLy0urm/uLi0vLa6urm8v7m8v7rEury8
xLy3wb28v7y/wcC8v8DEwb7EvLy/wb3CwcC/xL7ExMC6xMHJy8DJxMPHxMTEyMPExsTCxMHHyMHE
wca8xsO/xsa8xsbExsbEyL7HxsTHxsbEyMHOxMTHxsfMxsbHy8fMxMTEyMbMyMjJxsPOwcbMyMjM
xsjEyMbEyMfJyMfHzcfJyMbMxsfExsbJyMjJxsjMyMfHxsfHxsfMyMbHxsfJyMjJyMPJyMfMxMfH
y8bOxsfHxMfHyMbHxMfEyMnCyMfRxMfCxMbOxsTExMTRwcfMxsvHxsTCwcTJxsTHxMbJxMbHv8bM
xMPHxMPHv8DJv8HCwcHJv8DHv8THwcG/vMPJv8PCv8PMv8PEv8HCv8DMwcHHvMDJv768vMHEur3E
vL2/AAAAAAAAAAAAAAAAAAAAAAAAAAAAAAAAAAAAAAAAAAAAAAAAAAAAAAAAAAAAAAAAAAAAAAAA
AAAAAAAAAAAAAAAAAAAAAAAAAAAAAAAAAAAAAAAAAAAAAAAAAAAAAAAAAAAAAAAAAAAAAAAAAAAA
AAAAAAAAAAAAAAAAAAAAAAAAAAAAAAAAAAAAAAAAAAAAAAAAAAAAAAAAAAAAAAAAAAAAAAAAAAAA
AAAAAAAAAAAAAAAAAAAAAAAAAAAAAAAAAAAAAAAAAAAAAAAAAAAAAAAAAAAAAAAAAAAAAAAAAAAA
AAAAAAAAAAAAAAAAAAAAAAAAAAAAAAAAAAAAAAAAAAAAAAAAAAAAAAAAAAAAAAAAAAAAAAAAAAAA
AAAAAAAAAAAAAAAAAAAAAAAAAAAAAAAAAAAAAAAAAAAAAAAAAAAAAAAAAAAAAAAAAAAAAAAAAAAA
AAAAAAAAAAAAAAAAAAAAAAAAAAAAAAAAAAAAAAAAAAAAAAAAAAAAAAAAAAAAAAAAAAAAAAAAAAAA
AAAAAAAAAAAAAAAAAAAAAAAAAAAAAAAAAAAAAAAAAAAAAAAAAAAAAAAAAAAAAAAAAAAAAAAAAAAA
AAAAAAAAAAAAAAAAAAAAAAAAAAAAAAAAAAAAAAAAAAAAAAAAAAAAAAAAAAAAAAAAAAAAAAAAAAAA
AAAAAAAAAAAAAAAAAAAAAAAAAAAAAAAAAAAAAAAAAAAAAAAAAAAAAAAAAAAAAAAAAAAAAAAAAAAA
AAAAAAAAAAAAAAAAAAAAAAAAAAAAAAAAAAAAAAAAAAAAAAAAAAAAAAAAAAAAAAAAAAAAAAAAAAAA
AAAAAAAAAAAAAAAAAAAAAAAAAAAAAAAAAAAAAAAAAAAAAAAAAAAAAAAAAAAAAAAAAAAAAAAAAAAA
AAAAAAAAAAAAAAAAAAAAAAAAAAAAAAAAAAAAAAAAAAAAAAAAAAAAAAAAAAAAAAAAAAAAAAAAAAAA
AAAAAAAAAAAAAAAAAAAAAAAAAAAAAAAAAAAAAAAAAAAAAAAAAAAAAAAAAAAAAAAAAAAAAAAAAAAA
AAAAAAAAAAAAAAAAAAAAAAAAAAAAAAAAAAAAAAAAAAAAAAAAAAAAAAAAAAAAAAAAAAAAAAAAAAAA
AAAAAAAAAAAAAAAAAAAAAAAAAAAAAAAAAAAAAAAAAAAAAAAAAAAAAAAAAAAAAAAAAAAAAAAAAAAA
AAAAAAAAAAAAAAAAAAAAAAAAAAAAAAAAAAAAAAAAAAAAAAAAAAAAAAAAAAAAAAAAAAAAAAAAAAAA
AAAAAAAAAAAAAAAAAAAAAAAAAAAAAAAAAAAAAAAAAAAAAAAAAAAAAAAAAAAAAAAAAAAAAAAAAAAA
AAAAAAAAAAAAAAAAAAAAAAAAAAAAAAAAAAAAAAAAAAAAAAAAAAAAAAAAAAAAAAAAAAAAAAAAAAAA
AAAAAAAAAAAAAAAAAAAAAAAAAAAAAAAAAAAAAAAAAAAAAAAAAAAAAAAAAAAAAAAAAAAAAAAAAAAA
AAAAAAAAAAAAAAAAAAAAAAAAAAAAAAAAAAAAAAAAAAAAAAAAAAAAAAAAAAAAAAAAAAAAAAAAAAAA
AAAAAAAAAAAAAAAAAAAAAAAAAAAAAAAAAAAAAAAAAAAAAAAAAAAAAAAAAAAAAAAAAAAAAAAAAAAA
AAAAAAAAAAAAAAAAAAAAAAAAAAAAAAAAAAAAAAAAAAAAAAAAAAAAAAAAAAAAAAAAAAAAAAAAAAAA
AAAAAAAAAAAAAAAAAAAAAAAAAAAAAAAAAAAAAAAAAAAAAAAAAAAAAAAAAAAAAAAAAAAAAAAAAAAA
AAAAAAAAAAAAAAAAAAAAAAAAAAAAAAAAAAAAAAAAAAAAAAAAAAAAAAAAAAAAAAAAAAAAAAAAAAAA
AAAAAAAAAAAAAAAAAAAAAAAAAAAAAAAAAAAAAAAAAAAAAAAAAAAAAAAAAAAAAAAAAAAAAAAAAAAA
AAAAAAAAAAAAAAAAAAAAAAAAAAAAAAAAAAAAAAAAAAAAAAAAAAAAAAAAAAAAAAAAAAAAAAAAAAAA
AAAAAAAAAAAAAAAAAAAAAAAAAAAAAAAAAAAAAAAAAAAAAAAAAAAAAAAAAAAAAAAAAAAAAAAAAAAA
AAAAAAAAAAAAAAAAAAAAAAAAAAAAAAAAAAAAAAAAAAAAAAAAAAAAAAAAAAAAAAAAAAAAAAAAAAAA
AAAAAAAAAAAAAAAAAAAAAAAAAAAAAAAAAAAAAAAAAAAAAAAAAAAAAAAAAAAAAAAAAAAAAAAAAAAA
AAAAAAAAAAAAAAAAAAAAAAAAAAAAAAAAAAAAAAAAAAAAAAAAAAAAAAAAAAAAAAAAAAAAAAAAAAAA
AAAAAAAAAAAAAAAAAAAAAAAAAAAAAAAAAAAAAAAAAAAAAAAAAAAAAAAAAAAAAAAAAAAAAAAAAAAA
AAAAAAAAAAAAAAAAAAAAAAAAAAAAAAAAAAAAAAAAAAAAAAAAAAAAAAAAAAAAAAAAAAAAAAAAAAAA
AAAAAAAAAAAAAAAAAAAAAAAAAAAAAAAAAAAAAAAAAAAAAAAAAAAAAAAAAAAAAAAAAAAAAAAAAAAA
AAAAAAAAAAAAAAAAAAAAAAAAAAAAAAAAAAAAAAAAAAAAAAAAAAAAAAAAAAAAAAAAAAAAAAAAAAAA
AAAAAAAAAAAAAAAAAAAAAAAAAAAAAAAAAAAAAAAAAAAAAAAAAAAAAAAAAAAAAAAAAAAAAAAAAAAA
AAAAAAAAAAAAAAAAAAAAAAAAAAAAAAAAAAAAAAAAAAAAAAAAAAAAAAAAAAAAAAAAAAAAAAAAAAAA
AAAAAAAAAAAAAAAAAAAAAAAAAAAAAAAAAAAAAAAAAAAAAAAAAAAAAAAAAAAAAAAAAAAAAAAAAAAA
AAAAAAAAAAAAAAAAAAAAAAAAAAAAAAAAAAAAAAAAAAAAAAAAAAAAAAAAAAAAAAAAAAAAAAAAAAAA
AAAAAAAAAAAAAAAAAAAAAAAAAAAAAAAAAAAAAAAAAAAAAAAAAAAAAAAAAAAAAAAAAAAAAAAAAAAA
AAAAAAAAAAAAAAAAAAAAAAAAAAAAAAAAAAAAAAAAAAAAAAAAAAAAAAAAAAAAAAAAAAAAAAAAAAAA
AAAAAAAAAAAAAAAAAAAAAAAAAAAAAAAAAAAAAAAAAAAAAAAAAAAAAAAAAAAAAAAAAAAAAAAAAAAA
AAAAAAAAAAAAAAAAAAAAAAAAAAAAAAAAAAAAAAAAAAAAAAAAAAAAAAAAAAAAAAAAAAAAAAAAAAAA
AAAAAAAAAAAAAAAAAAAAAAAAAAAAAAAAAAAAAAAAAAAAAAAAAAAAAAAAAAAAAAAAAAAAAAAAAAAA
AAAAAAAAAAAAAAAAAAAAAAAAAAAAAAAAAAAAAAAAAAAAAAAAAAAAAAAAAAAAAAAAAAAAAAAAAAAA
AAAAAAAAAAAAAAAAAAAAAAAAAAAAAAAAAAAAAAAAAAAAAAAAAAAAAAAAAAAAAAAAAAAAAAAAAAAA
AAAAAAAAAAAAAAAAAAAAAAAAAAAAAAAAAAAAAAAAAAAAAAAAAAAAAAAAAAAAAAAAAAAAAAAAAAAA
AAAAAAAAAAAAAAAAAAAAAAAAAAAAAAAAAAAAAAAAAAAAAAAAAAAAAAAAAAAAAAAAAAAAAAAAAAAA
AAAAAAAAAAAAAAAAAAAAAAAAAAAAAAAAAAAAAAAAAAAAAAAAAAAAAAAAAAAAAAAAAAAAAAAAAAAA
AAAAAAAAAAAAAAAAAAAAAAAAAAAAAAAAAAAAAAAAAAAAAAAAAAAAAAAAAAAAAAAAAAAAAAAAAAAA
AAAAAAAAAAAAAAAAAAAAAAAAAAAAAAAAAAAAAAAAAAAAAAAAAAAAAAAAAAAAAAAAAAAAAAAAAAAA
AAAAAAAAAAAAAAAAAAAAAAAAAAAAAAAAAAAAAAAAAAAAAAAAAAAAAAAAAAAAAAAAAAAAAAAAAAAA
AAAAAAAAAAAAAAAAAAAAAAAAAAAAAAAAAAAAAAAAAAAAAAAAAAAAAAAAAAAAAAAAAAAAAAAAAAAA
AAAAAAAAAAAAAAAAAAAAAAAAAAAAAAAAAAAAAAAAAAAAAAAAAAAAAAAAAAAAAAAAAAAAAAAAAAAA
AAAAAAAAAAAAAAAAAAAAAAAAAAAAAAAAAAAAAAAAAAAAAAAAAAAAAAAAAAAAAAAAAAAAAAAAAAAA
AAAAAAAAAAAAAAAAAAAAAAAAAAAAAAAAAAAAAAAAAAAAAAAAAAAAAAAAAAAAAAAAAAAAAAAAAAAA
AAAAAAAAAAAAAAAAAAAAAAAAAAAAAAAAAAAAAAAAAAAAAAAAAAAAAAAAAAAAAAAAAAAAAAAAAAAA
AAAAAAAAAAAAAAAAAAAAAAAAAAAAAAAAAAAAAAAAAAAAAAAAAAAAAAAAAAAAAAAAAAAAAAAAAAAA
AAAAAAAAAAAAAAAAAAAAAAAAAAAAAAAAAAAAAAAAAAAAAAAAAAAAAAAAAAAAAAAAAAAAAAAAAAAA
AAAAAAAAAAAAAAAAAAAAAAAAAAAAAAAAAAAAAAAAAAAAAAAAAAAAAAAAAAAAAAAAAAAAAAAAAAAA
AAAAAAAAAAAAAAAAAAAAAAAAAAAAAAAAAAAAAAAAAAAAAAAAAAAAAAAAAAAAAAAAAAAAAAAAAAAA
AAAAAAAAAAAAAAAAAAAAAAAAAAAAAAAAAAAAAAAAAAAAAAAAAAAAAAAAAAAAAAAAAAAAAAAAAAAA
AAAAAAAAAAAAAAAAAAAAAAAAAAAAAAAAAAAAAAAAAAAAAAAAAAAAAAAAAAAAAAAAAAAAAAAAAAAA
AAAAAAAAAAAAAAAAAAAAAAAAAAAAAAAAAAAAAAAAAAAAAAAAAAAAAAAAAAAAAAAAAAAAAAAAAAAA
AAAAAAAAAAAAAAAAAAAAAAAAAAAAAAAAAAAAAAAAAAAAAAAAAAAAAAAAAAAAAAAAAAAAAAAAAAAA
AAAAAAAAAAAAAAAAAAAAAAAAAAAAAAAAAAAAAAAAAAAAAAAAAAAAAAAAAAAAAAAAAAAAAAAAAAAA
AAAAAAAAAAAAAAAAAAAAAAAAAAAAAAAAAAAAAAAAAAAAAAAAAAAAAAAAAAAAAAAAAAAAAAAAAAAA
AAAAAAAAAAAAAAAAAAAAAAAAAAAAAAAAAAAAAAAAAAAAAAAAAAAAAAAAAAAAAAAAAAAAAAAAAAAA
AAAAAAAAAAAAAAAAAAAAAAAAAAAAAAAAAAAAAAAAAAAAAAAAAAAAAAAAAAAAAAAAAAAAAAAAAAAA
AAAAAAAAAAAAAAAAAAAAAAAAAAAAAAAAAAAAAAAAAAAAAAAAAAAAAAAAAAAAAAAAAAAAAAAAAAAA
AAAAAAAAAAAAAAAAAAAAAAAAAAAAAAAAAAAAAAAAAAAAAAAAAAAAAAAAAAAAAAAAAAAAAAAAAAAA
AAAAAAAAAAAAAAAAAAAAAAAAAAAAAAAAAAAAAAAAAAAAAAAAAAAAAAAAAAAAAAAAAAAAAAAAAAAA
AAAAAAAAAAAAAAAAAAAAAAAAAAAAAAAAAAAAAAAAAAAAAAAAAAAAAAAAAAAAAAAAAAAAAAAAAAAA
AAAAAAAAAAAAAAAAAAAAAAAAAAAAAAAAAAAAAAAAAAAAAAAAAAAAAAAAAAAAAAAAAAAAAAAAAAAA
AAAAAAAAAAAAAAAAAAAAAAAAAAAAAAAAAAAAAAAAAAAAAAAAAAAAAAAAAAAAAAAAAAAAAAAAAAAA
AAAAAAAAAAAAAAAAAAAAAAAAAAAAAAAAAAAAAAAAAAAAAAAAAAAAAAAAAAAAAAAAAAAAAAAAAAAA
AAAAAAAAAAAAAAAAAAAAAAAAAAAAAAAAAAAAAAAAAAAAAAAAAAAAAAAAAAAAAAAAAAAAAAAAAAAA
AAAAAAAAAAAAAAAAAAAAAAAAAAAAAAAAAAAAAAAAAAAAAAAAAAAAAAAAAAAAAAAAAAAAAAAAAAAA
AAAAAAAAAAAAAAAAAAAAAAAAAAAAAAAAAAAAAAAAAAAAAAAAAAAAAAAAAAAAAAAAAAAAAAAAAAAA
AAAAAAAAAAAAAAAAAAAAAAAAAAAAAAAAAAAAAAAAAAAAAAAAAAAAAAAAAAAAAAAAAAAAAAAAAAAA
AAAAAAAAAAAAAAAAAAAAAAAAAAAAAAAAAAAAAAAAAAAAAAAAAAAAAAAAAAAAAAAAAAAAAAAAAAAA
AAAAAAAAAAAAAAAAAAAAAAAAAAAAAAAAAAAAAAAAAAAAAAAAAAAAAAAAAAAAAAAAAAAAAAAAAAAA
AAAAAAAAAAAAAAAAAAAAAAAAAAAAAAAAAAAAAAAAAAAAAAAAAAAAAAAAAAAAAAAAAAAAAAAAAAAA
AAAAAAAAAAAAAAAAAAAAAAAAAAAAAAAAAAAAAAAAAAAAAAAAAAAAAAAAAAAAAAAAAAAAAAAAAAAA
AAAAAAAAAAAAAAAAAAAAAAAAAAAAAAAAAAAAAAAAAAAAAAAAAAAAAAAAAAAAAAAAAAAAAAAAAAAA
AAAAAAAAAAAAAAAAAAAAAAAAAAAAAAAAAAAAAAAAAAAAAAAAAAAAAAAAAAAAAAAAAAAAAAAAAAAA
AAAAAAAAAAAAAAAAAAAAAAAAAAAAAAAAAAAAAAAAAAAAAAAAAAAAAAAAAAAAAAAAAAAAAAAAAAAA
AAAAAAAAAAAAAAAAAAAAAAAAAAAAAAAAAAAAAAAAAAAAAAAAAAAAAAAAAAAAAAAAAAAAAAAAAAAA
AAAAAAAAAAAAAAAAAAAAAAAAAAAAAAAAAAAAAAAAAAAAAAAAAAAAAAAAAAAAAAAAAAAAAAAAAAAA
AAAAAAAAAAAAAAAAAAAAAAAAAAAAAAAAAAAAAAAAAAAAAAAAAAAAAAAAAAAAAAAAAAAAAAAAAAAA
AAAAAAAAAAAAAAAAAAAAAAAAAAAAAAAAAAAAAAAAAAAAAAAAAAAAAAAAAAAAAAAAAAAAAAAAAAAA
AAAAAAAAAAAAAAAAAAAAAAAAAAAAAAAAAAAAAAAAAAAAAAAAAAAAAAAAAAAAAAAAAAAAAAAAAAAA
AAAAAAAAAAAAAAAAAAAAAAAAAAAAAAAAAAAAAAAAAAAAAAAAAAAAAAAAAAAAAAAAAAAAAAAAAAAA
AAAAAAAAAAAAAAAAAAAAAAAAAAAAAAAAAAAAAAAAAAAAAAAAAAAAAAAAAAAAAAAAAAAAAAAAAAAA
AAAAAAAAAAAAAAAAAAAAAAAAAAAAAAAAAAAAAAAAAAAAAAAAAAAAAAAAAAAAAAAAAAAAAAAAAAAA
AAAAAAAAAAAAAAAAAAAAAAAAAAAAAAAAAAAAAAAAAAAAAAAAAAAAAAAAAAAAAAAAAAAAAAAAAAAA
AAAAAAAAAAAAAAAAAAAAAAAAAAAAAAAAAAAAAAAAAAAAAAAAAAAAAAAAAAAAAAAAAAAAAAAAAAAA
AAAAAAAAAAAAAAAAAAAAAAAAAAAAAAAAAAAAAAAAAAAAAAAAAAAAAAAAAAAAAAAAAAAAAAAAAAAA
AAAAAAAAAAAAAAAAAAAAAAAAAAAAAAAAAAAAAAAAAAAAAAAAAAAAAAAAAAAAAAAAAAAAAAAAAAAA
AAAAAAAAAAAAAAAAAAAAAAAAAAAAAAAAAAAAAAAAAAAAAAAAAAAAAAAAAAAAAAAAAAAAAAAAAAAA
AAAAAAAAAAAAAAAAAAAAAAAAAAAAAAAAAAAAAAAAAAAAAAAAAAAAAAAAAAAAAAAAAAAAAAAAAAAA
AAAAAAAAAAAAAAAAAAAAAAAAAAAAAAAAAAAAAAAAAAAAAAAAAAAAAAAAAAAAAAAAAAAAAAAAAAAA
AAAAAAAAAAAAAAAAAAAAAAAAAAAAAAAAAAAAAAAAAAAAAAAAAAAAAAAAAAAAAAAAAAAAAAAAAAAA
AAAAAAAAAAAAAAAAAAAAAAAAAAAAAAAAAAAAAAAAAAAAAAAAAAAAAAAAAAAAAAAAAAAAAAAAAAAA
AAAAAAAAAAAAAAAAAAAAAAAAAAAAAAAAAAAAAAAAAAAAAAAAAAAAAAAAAAAAAAAAAAAAAAAAAAAA
AAAAAAAAAAAAAAAAAAAAAAAAAAAAAAAAAAAAAAAAAAAAAAAAAAAAAAAAAAAAAAAAAAAAAAAAAAAA
AAAAAAAAAAAAAAAAAAAAAAAAAAAAAAAAAAAAAAAAAAAAAAAAAAAAAAAAAAAAAAAAAAAAAAAAAAAA
AAAAAAAAAAAAAAAAAAAAAAAAAAAAAAAAAAAAAAAAAAAAAAAAAAAAAAAAAAAAAAAAAAAAAAAAAAAA
AAAAAAAAAAAAAAAAAAAAAAAAAAAAAAAAAAAAAAAAAAAAAAAAAAAAAAAAAAAAAAAAAAAAAAAAAAAA
AAAAAAAAAAAAAAAAAAAAAAAAAAAAAAAAAAAAAAAAAAAAAAAAAAAAAAAAAAAAAAAAAAAAAAAAAAAA
AAAAAAAAAAAAAAAAAAAAAAAAAAAAAAAAAAAAAAAAAAAAAAAAAAAAAAAAAAAAAAAAAAAAAAAAAAAA
AAAAAAAAAAAAAAAAAAAAAAAAAAAAAAAAAAAAAAAAAAAAAAAAAAAAAAAAAAAAAAAAAAAAAAAAAAAA
AAAAAAAAAAAAAAAAAAAAAAAAAAAAAAAAAAAAAAAAAAAAAAAAAAAAAAAAAAAAAAAAAAAAAAAAAAAA
AAAAAAAAAAAAAAAAAAAAAAAAAAAAAAAAAAAAAAAAAAAAAAAAAAAAAAAAAAAAAAAAAAAAAAAAAAAA
AAAAAAAAAAAAAAAAAAAAAAAAAAAAAAAAAAAAAAAAAAAAAAAAAAAAAAAAAAAAAAAAAAAAAAAAAAAA
AAAAAAAAAAAAAAAAAAAAAAAAAAAAAAAAAAAAAAAAAAAAAAAAAAAAAAAAAAAAAAAAAAAAAAAAAAAA
AAAAAAAAAAAAAAAAAAAAAAAAAAAAAAAAAAAAAAAAAAAAAAAAAAAAAAAAAAAAAAAAAAAAAAAAAAAA
AAAAAAAAAAAAAAAAAAAAAAAAAAAAAAAAAAAAAAAAAAAAAAAAAAAAAAAAAAAAAAAAAAAAAAAAAAAA
AAAAAAAAAAAAAAAAAAAAAAAAAAAAAAAAAAAAAAAAAAAAAAAAAAAAAAAAAAAAAAAAAAAAAAAAAAAA
AAAAAAAAAAAAAAAAAAAAAAAAAAAAAAAAAAAAAAAAAAAAAAAAAAAAAAAAAAAAAAAAAAAAAAAAAAAA
AAAAAAAAAAAAAAAAAAAAAAAAAAAAAAAAAAAAAAAAAAAAAAAAAAAAAAAAAAAAAAAAAAAAAAAAAAAA
AAAAAAAAAAAAAAAAAAAAAAAAAAAAAAAAAAAAAAAAAAAAAAAAAAAAAAAAAAAAAAAAAAAAAAAAAAAA
AAAAAAAAAAAAAAAAAAAAAAAAAAAAAAAAAAAAAAAAAAAAAAAAAAAAAAAAAAAAAAAAAAAAAAAAAAAA
AAAAAAAAAAAAAAAAAAAAAAAAAAAAAAAAAAAAAAAAAAAAAAAAAAAAAAAAAAAAAAAAAAAAAAAAAAAA
AAAAAAAAAAAAAAAAAAAAAAAAAAAAAAAAAAAAAAAAAAAAAAAAAAAAAAAAAAAAAAAAAAAAAAAAAAAA
AAAAAAAAAAAAAAAAAAAAAAAAAAAAAAAAAAAAAAAAAAAAAAAAAAAAAAAAAAAAAAAAAAAAAAAAAAAA
AAAAAAAAAAAAAAAAAAAAAAAAAAAAAAAAAAAAAAAAAAAAAAAAAAAAAAAAAAAAAAAAAAAAAAAAAAAA
AAAAAAAAAAAAAAAAAAAAAAAAAAAAAAAAAAAAAAAAAAAAAAAAAAAAAAAAAAAAAAAAAAAAAAAAAAAA
AAAAAAAAAAAAAAAAAAAAAAAAAAAAAAAAAAAAAAAAAAAAAAAAAAAAAAAAAAAAAAAAAAAAAAAAAAAA
AAAAAAAAAAAAAAAAAAAAAAAAAAAAAAAAAAAAAAAAAAAAAAAAAAAAAAAAAAAAAAAAAAAAAAAAAAAA
AAAAAAAAAAAAAAAAAAAAAAAAAAAAAAAAAAAAAAAAAAAAAAAAAAAAAAAAAAAAAAAAAAAAAAAAAAAA
AAAAAAAAAAAAAAAAAAAAAAAAAAAAAAAAAAAAAAAAAAAAAAAAAAAAAAAAAAAAAAAAAAAAAAAAAAAA
AAAAAAAAAAAAAAAAAAAAAAAAAAAAAAAAAAAAAAAAAAAAAAAAAAAAAAAAAAAAAAAAAAAAAAAAAAAA
AAAAAAAAAAAAAAAAAAAAAAAAAAAAAAAAAAAAAAAAAAAAAAAAAAAAAAAAAAAAAAAAAAAAAAAAAAAA
AAAAAAAAAAAAAAAAAAAAAAAAAAAAAAAAAAAAAAAAAAAAAAAAAAAAAAAAAAAAAAAAAAAAAAAAAAAA
AAAAAAAAAAAAAAAAAAAAAAAAAAAAAAAAAAAAAAAAAAAAAAAAAAAAAAAAAAAAAAAAAAAAAAAAAAAA
AAAAAAAAAAAAAAAAAAAAAAAAAAAAAAAAAAAAAAAAAAAAAAAAAAAAAAAAAAAAAAAAAAAAAAAAAAAA
AAAAAAAAAAAAAAAAAAAAAAAAAAAAAAAAAAAAAAAAAAAAAAAAAAAAAAAAAAAAAAAAAAAAAAAAAAAA
AAAAAAAAAAAAAAAAAAAAAAAAAAAAAAAAAAAAAAAAAAAAAAAAAAAAAAAAAAAAAAAAAAAAAAAAAAAA
AAAAAAAAAAAAAAAAAAAAAAAAAAAAAAAAAAAAAAAAAAAAAAAAAAAAAAAAAAAAAAAAAAAAAAAAAAAA
AAAAAAAAAAAAAAAAAAAAAAAAAAAAAAAAAAAAAAAAAAAAAAAAAAAAAAAAAAAAAAAAAAAAAAAAAAAA
AAAAAAAAAAAAAAAAAAAAAAAAAAAAAAAAAAAAAAAAAAAAAAAAAAAAAAAAAAAAAAAAAAAAAAAAAAAA
AAAAAAAAAAAAAAAAAAAAAAAAAAAAAAAAAAAAAAAAAAAAAAAAAAAAAAAAAAAAAAAAAAAAAAAAAAAA
AAAAAAAAAAAAAAAAAAAAAAAAAAAAAAAAAAAAAAAAAAAAAAAAAAAAAAAAAAAAAAAAAAAAAAAAAAAA
AAAAAAAAAAAAAAAAAAAAAAAAAAAAAAAAAAAAAAAAAAAAAAAAAAAAAAAAAAAAAAAAAAAAAAAAAAAA
AAAAAAAAAAAAAAAAAAAAAAAAAAAAAAAAAAAAAAAAAAAAAAAAAAAAAAAAAAAAAAAAAAAAAAAAAAAA
AAAAAAAAAAAAAAAAAAAAAAAAAAAAAAAAAAAAAAAAAAAAAAAAAAAAAAAAAAAAAAAAAAAAAAAAAAAA
AAAAAAAAAAAAAAAAAAAAAAAAAAAAAAAAAAAAAAAAAAAAAAAAAAAAAAAAAAAAAAAAAAAAAAAAAAAA
AAAAAAAAAAAAAAAAAAAAAAAAAAAAAAAAAAAAAAAAAAAAAAAAAAAAAAAAAAAAAAAAAAAAAAAAAAAA
AAAAAAAAAAAAAAAAAAAAAAAAAAAAAAAAAAAAAAAAAAAAAAAAAAAAAAAAAAAAAAAAAAAAAAAAAAAA
AAAAAAAAAAAAAAAAAAAAAAAAAAAAAAAAAAAAAAAAAAAAAAAAAAAAAAAAAAAAAAAAAAAAAAAAAAAA
AAAAAAAAAAAAAAAAAAAAAAAAAAAAAAAAAAAAAAAAAAAAAAAAAAAAAAAAAAAAAAAAAAAAAAAAAAAA
AAAAAAAAAAAAAAAAAAAAAAAAAAAAAAAAAAAAAAAAAAAAAAAAAAAAAAAAAAAAAAAAAAAAAAAAAAAA
AAAAAAAAAAAAAAAAAAAAAAAAAAAAAAAAAAAAAAAAAAAAAAAAAAAAAAAAAAAAAAAAAAAAAAAAAAAA
AAAAAAAAAAAAAAAAAAAAAAAAAAAAAAAAAAAAAAAAAAAAAAAAAAAAAAAAAAAAAAAAAAAAAAAAAAAA
AAAAAAAAAAAAAAAAAAAAAAAAAAAAAAAAAAAAAAAAAAAAAAAAAAAAAAAAAAAAAAAAAAAAAAAAAAAA
AAAAAAAAAAAAAAAAAAAAAAAAAAAAAAAAAAAAAAAAAAAAAAAAAAAAAAAAAAAAAAAAAAAAAAAAAAAA
AAAAAAAAAAAAAAAAAAAAAAAAAAAAAAAAAAAAAAAAAAAAAAAAAAAAAAAAAAAAAAAAAAAAAAAAAAAA
AAAAAAAAAAAAAAAAAAAAAAAAAAAAAAAAAAAAAAAAAAAAAAAAAAAAAAAAAAAAAAAAAAAAAAAAAAAA
AAAAAAAAAAAAAAAAAAAAAAAAAAAAAAAAAAAAAAAAAAAAAAAAAAAAAAAAAAAAAAAAAAAAAAAAAAAA
AAAAAAAAAAAAAAAAAAAAAAAAAAAAAAAAAAAAAAAAAAAAAAAAAAAAAAAAAAAAAAAAAAAAAAAAAAAA
AAAAAAAAAAAAAAAAAAAAAAAAAAAAAAAAAAAAAAAAAAAAAAAAAAAAAAAAAAAAAAAAAAAAAAAAAAAA
AAAAAAAAAAAAAAAAAAAAAAAAAAAAAAAAAAAAAAAAAAAAAAAAAAAAAAAAAAAAAAAAAAAAAAAAAAAA
AAAAAAAAAAAAAAAAAAAAAAAAAAAAAAAAAAAAAAAAAAAAAAAAAAAAAAAAAAAAAAAAAAAAAAAAAAAA
AAAAAAAAAAAAAAAAAAAAAAAAAAAAAAAAAAAAAAAAAAAAAAAAAAAAAAAAAAAAAAAAAAAAAAAAAAAA
AAAAAAAAAAAAAAAAAAAAAAAAAAAAAAAAAAAAAAAAAAAAAAAAAAAAAAAAAAAAAAAAAAAAAAAAAAAA
AAAAAAAAAAAAAAAAAAAAAAAAAAAAAAAAAAAAAAAAAAAAAAAAAAAAAAAAAAAAAAAAAAAAAAAAAAAA
AAAAAAAAAAAAAAAAAAAAAAAAAAAAAAAAAAAAAAAAAAAAAAAAAAAAAAAAAAAAAAAAAAAAAAAAAAAA
AAAAAAAAAAAAAAAAAAAAAAAAAAAAAAAAAAAAAAAAAAAAAAAAAAAAAAAAAAAAAAAAAAAAAAAAAAAA
AAAAAAAAAAAAAAAAAAAAAAAAAAAAAAAAAAAAAAAAAAAAAAAAAAAAAAAAAAAAAAAAAAAAAAAAAAAA
AAAAAAAAAAAAAAAAAAAAAAAAAAAAAAAAAAAAAAAAAAAAAAAAAAAAAAAAAAAAAAAAAAAAAAAAAAAA
AAAAAAAAAAAAAAAAAAAAAAAAAAAAAAAAAAAAAAAAAAAAAAAAAAAAAAAAAAAAAAAAAAAAAAAAAAAA
AAAAAAAAAAAAAAAAAAAAAAAAAAAAAAAAAAAAAAAAAAAAAAAAAAAAAAAAAAAAAAAAAAAAAAAAAAAA
AAAAAAAAAAAAAAAAAAAAAAAAAAAAAAAAAAAAAAAAAAAAAAAAAAAAAAAAAAAAAAAAAAAAAAAAAAAA
AAAAAAAAAAAAAAAAAAAAAAAAAAAAAAAAAAAAAAAAAAAAAAAAAAAAAAAAAAAAAAAAAAAAAAAAAAAA
AAAAAAAAAAAAAAAAAAAAAAAAAAAAAAAAAAAAAAAAAAAAAAAAAAAAAAAAAAAAAAAAAAAAAAAAAAAA
AAAAAAAAAAAAAAAAAAAAAAAAAAAAAAAAAAAAAAAAAAAAAAAAAAAAAAAAAAAAAAAAAAAAAAAAAAAA
AAAAAAAAAAAAAAAAAAAAAAAAAAAAAAAAAAAAAAAAAAAAAAAAAAAAAAAAAAAAAAAAAAAAAAAAAAAA
AAAAAAAAAAAAAAAAAAAAAAAAAAAAAAAAAAAAAAAAAAAAAAAAAAAAAAAAAAAAAAAAAAAAAAAAAAAA
AAAAAAAAAAAAAAAAAAAAAAAAAAAAAAAAAAAAAAAAAAAAAAAAAAAAAAAAAAAAAAAAAAAAAAAAAAAA
AAAAAAAAAAAAAAAAAAAAAAAAAAAAAAAAAAAAAAAAAAAAAAAAAAAAAAAAAAAAAAAAAAAAAAAAAAAA
AAAAAAAAAAAAAAAAAAAAAAAAAAAAAAAAAAAAAAAAAAAAAAAAAAAAAAAAAAAAAAAAAAAAAAAAAAAA
AAAAAAAAAAAAAAAAAAAAAAAAAAAAAAAAAAAAAAAAAAAAAAAAAAAAAAAAAAAAAAAAAAAAAAAAAAAA
AAAAAAAAAAAAAAAAAAAAAAAAAAAAAAAAAAAAAAAAAAAAAAAAAAAAAAAAAAAAAAAAAAAAAAAAAAAA
AAAAAAAAAAAAAAAAAAAAAAAAAAAAAAAAAAAAAAAAAAAAAAAAAAAAAAAAAAAAAAAAAAAAAAAAAAAA
AAAAAAAAAAAAAAAAAAAAAAAAAAAAAAAAAAAAAAAAAAAAAAAAAAAAAAAAAAAAAAAAAAAAAAAAAAAA
AAAAAAAAAAAAAAAAAAAAAAAAAAAAAAAAAAAAAAAAAAAAAAAAAAAAAAAAAAAAAAAAAAAAAAAAAAAA
AAAAAAAAAAAAAAAAAAAAAAAAAAAAAAAAAAAAAAAAAAAAAAAAAAAAAAAAAAAAAAAAAAAAAAAAAAAA
AAAAAAAAAAAAAAAAAAAAAAAAAAAAAAAAAAAAAAAAAAAAAAAAAAAAAAAAAAAAAAAAAAAAAAAAAAAA
AAAAAAAAAAAAAAAAAAAAAAAAAAAAAAAAAAAAAAAAAAAAAAAAAAAAAAAAAAAAAAAAAAAAAAAAAAAA
AAAAAAAAAAAAAAAAAAAAAAAAAAAAAAAAAAAAAAAAAAAAAAAAAAAAAAAAAAAAAAAAAAAAAAAAAAAA
AAAAAAAAAAAAAAAAAAAAAAAAAAAAAAAAAAAAAAAAAAAAAAAAAAAAAAAAAAAAAAAAAAAAAAAAAAAA
AAAAAAAAAAAAAAAAAAAAAAAAAAAAAAAAAAAAAAAAAAAAAAAAAAAAAAAAAAAAAAAAAAAAAAAAAAAA
AAAAAAAAAAAAAAAAAAAAAAAAAAAAAAAAAAAAAAAAAAAAAAAAAAAAAAAAAAAAAAAAAAAAAAAAAAAA
AAAAAAAAAAAAAAAAAAAAAAAAAAAAAAAAAAAAAAAAAAAAAAAAAAAAAAAAAAAAAAAAAAAAAAAAAAAA
AAAAAAAAAAAAAAAAAAAAAAAAAAAAAAAAAAAAAAAAAAAAAAAAAAAAAAAAAAAAAAAAAAAAAAAAAAAA
AAAAAAAAAAAAAAAAAAAAAAAAAAAAAAAAAAAAAAAAAAAAAAAAAAAAAAAAAAAAAAAAAAAAAAAAAAAA
AAAAAAAAAAAAAAAAAAAAAAAAAAAAAAAAAAAAAAAAAAAAAAAAAAAAAAAAAAAAAAAAAAAAAAAAAAAA
AAAAAAAAAAAAAAAAAAAAAAAAAAAAAAAAAAAAAAAAAAAAAAAAAAAAAAAAAAAAAAAAAAAAAAAAAAAA
AAAAAAAAAAAAAAAAAAAAAAAAAAAAAAAAAAAAAAAAAAAAAAAAAAAAAAAAAAAAAAAAAAAAAAAAAAAA
AAAAAAAAAAAAAAAAAAAAAAAAAAAAAAAAAAAAAAAAAAAAAAAAAAAAAAAAAAAAAAAAAAAAAAAAAAAA
AAAAAAAAAAAAAAAAAAAAAAAAAAAAAAAAAAAAAAAAAAAAAAAAAAAAAAAAAAAAAAAAAAAAAAAAAAAA
AAAAAAAAAAAAAAAAAAAAAAAAAAAAAAAAAAAAAAAAAAAAAAAAAAAAAAAAAAAAAAAAAAAAAAAAAAAA
AAAAAAAAAAAAAAAAAAAAAAAAAAAAAAAAAAAAAAAAAAAAAAAAAAAAAAAAAAAAAAAAAAAAAAAAAAAA
AAAAAAAAAAAAAAAAAAAAAAAAAAAAAAAAAAAAAAAAAAAAAAAAAAAAAAAAAAAAAAAAAAAAAAAAAAAA
AAAAAAAAAAAAAAAAAAAAAAAAAAAAAAAAAAAAAAAAAAAAAAAAAAAAAAAAAAAAAAAAAAAAAAAAAAAA
AAAAAAAAAAAAAAAAAAAAAAAAAAAAAAAAAAAAAAAAAAAAAAAAAAAAAAAAAAAAAAAAAAAAAAAAAAAA
AAAAAAAAAAAAAAAAAAAAAAAAAAAAAAAAAAAAAAAAAAAAAAAAAAAAAAAAAAAAAAAAAAAAAAAAAAAA
AAAAAAAAAAAAAAAAAAAAAAAAAAAAAAAAAAAAAAAAAAAAAAAAAAAAAAAAAAAAAAAAAAAAAAAAAAAA
AAAAAAAAAAAAAAAAAAAAAAAAAAAAAAAAAAAAAAAAAAAAAAAAAAAAAAAAAAAAAAAAAAAAAAAAAAAA
AAAAAAAAAAAAAAAAAAAAAAAAAAAAAAAAAAAAAAAAAAAAAAAAAAAAAAAAAAAAAAAAAAAAAAAAAAAA
AAAAAAAAAAAAAAAAAAAAAAAAAAAAAAAAAAAAAAAAAAAAAAAAAAAAAAAAAAAAAAAAAAAAAAAAAAAA
AAAAAAAAAAAAAAAAAAAAAAAAAAAAAAAAAAAAAAAAAAAAAAAAAAAAAAAAAAAAAAAAAAAAAAAAAAAA
AAAAAAAAAAAAAAAAAAAAAAAAAAAAAAAAAAAAAAAAAAAAAAAAAAAAAAAAAAAAAAAAAAAAAAAAAAAA
AAAAAAAAAAAAAAAAAAAAAAAAAAAAAAAAAAAAAAAAAAAAAAAAAAAAAAAAAAAAAAAAAAAAAAAAAAAA
AAAAAAAAAAAAAAAAAAAAAAAAAAAAAAAAAAAAAAAAAAAAAAAAAAAAAAAAAAAAAAAAAAAAAAAAAAAA
AAAAAAAAAAAAAAAAAAAAAAAAAAAAAAAAAAAAAAAAAAAAAAAAAAAAAAAAAAAAAAAAAAAAAAAAAAAA
AAAAAAAAAAAAAAAAAAAAAAAAAAAAAAAAAAAAAAAAAAAAAAAAAAAAAAAAAAAAAAAAAAAAAAAAAAAA
AAAAAAAAAAAAAAAAAAAAAAAAAAAAAAAAAAAAAAAAAAAAAAAAAAAAAAAAAAAAAAAAAAAAAAAAAAAA
AAAAAAAAAAAAAAAAAAAAAAAAAAAAAAAAAAAAAAAAAAAAAAAAAAAAAAAAAAAAAAAAAAAAAAAAAAAA
AAAAAAAAAAAAAAAAAAAAAAAAAAAAAAAAAAAAAAAAAAAAAAAAAAAAAAAAAAAAAAAAAAAAAAAAAAAA
AAAAAAAAAAAAAAAAAAAAAAAAAAAAAAAAAAAAAAAAAAAAAAAAAAAAAAAAAAAAAAAAAAAAAAAAAAAA
AAAAAAAAAAAAAAAAAAAAAAAAAAAAAAAAAAAAAAAAAAAAAAAAAAAAAAAAAAAAAAAAAAAAAAAAAAAA
AAAAAAAAAAAAAAAAAAAAAAAAAAAAAAAAAAAAAAAAAAAAAAAAAAAAAAAAAAAAAAAAAAAAAAAAAAAA
AAAAAAAAAAAAAAAAAAAAAAAAAAAAAAAAAAAAAAAAAAAAAAAAAAAAAAAAAAAAAAAAAAAAAAAAAAAA
AAAAAAAAAAAAAAAAAAAAAAAAAAAAAAAAAAAAAAAAAAAAAAAAAAAAAAAAAAAAAAAAAAAAAAAAAAAA
AAAAAAAAAAAAAAAAAAAAAAAAAAAAAAAAAAAAAAAAAAAAAAAAAAAAAAAAAAAAAAAAAAAAAAAAAAAA
AAAAAAAAAAAAAAAAAAAAAAAAAAAAAAAAAAAAAAAAAAAAAAAAAAAAAAAAAAAAAAAAAAAAAAAAAAAA
AAAAAAAAAAAAAAAAAAAAAAAAAAAAAAAAAAAAAAAAAAAAAAAAAAAAAAAAAAAAAAAAAAAAAAAAAAAA
AAAAAAAAAAAAAAAAAAAAAAAAAAAAAAAAAAAAAAAAAAAAAAAAAAAAAAAAAAAAAAAAAAAAAAAAAAAA
AAAAAAAAAAAAAAAAAAAAAAAAAAAAAAAAAAAAAAAAAAAAAAAAAAAAAAAAAAAAAAAAAAAAAAAAAAAA
AAAAAAAAAAAAAAAAAAAAAAAAAAAAAAAAAAAAAAAAAAAAAAAAAAAAAAAAAAAAAAAAAAAAAAAAAAAA
AAAAAAAAAAAAAAAAAAAAAAAAAAAAAAAAAAAAAAAAAAAAAAAAAAAAAAAAAAAAAAAAAAAAAAAAAAAA
AAAAAAAAAAAAAAAAAAAAAAAAAAAAAAAAAAAAAAAAAAAAAAAAAAAAAAAAAAAAAAAAAAAAAAAAAAAA
AAAAAAAAAAAAAAAAAAAAAAAAAAAAAAAAAAAAAAAAAAAAAAAAAAAAAAAAAAAAAAAAAAAAAAAAAAAA
AAAAAAAAAAAAAAAAAAAAAAAAAAAAAAAAAAAAAAAAAAAAAAAAAAAAAAAAAAAAAAAAAAAAAAAAAAAA
AAAAAAAAAAAAAAAAAAAAAAAAAAAAAAAAAAAAAAAAAAAAAAAAAAAAAAAAAAAAAAAAAAAAAAAAAAAA
AAAAAAAAAAAAAAAAAAAAAAAAAAAAAAAAAAAAAAAAAAAAAAAAAAAAAAAAAAAAAAAAAAAAAAAAAAAA
AAAAAAAAAAAAAAAAAAAAAAAAAAAAAAAAAAAAAAAAAAAAAAAAAAAAAAAAAAAAAAAAAAAAAAAAAAAA
AAAAAAAAAAAAAAAAAAAAAAAAAAAAAAAAAAAAAAAAAAAAAAAAAAAAAAAAAAAAAAAAAAAAAAAAAAAA
AAAAAAAAAAAAAAAAAAAAAAAAAAAAAAAAAAAAAAAAAAAAAAAAAAAAAAAAAAAAAAAAAAAAAAAAAAAA
AAAAAAAAAAAAAAAAAAAAAAAAAAAAAAAAAAAAAAAAAAAAAAAAAAAAAAAAAAAAAAAAAAAAAAAAAAAA
AAAAAAAAAAAAAAAAAAAAAAAAAAAAAAAAAAAAAAAAAAAAAAAAAAAAAAAAAAAAAAAAAAAAAAAAAAAA
AAAAAAAAAAAAAAAAAAAAAAAAAAAAAAAAAAAAAAAAAAAAAAAAAAAAAAAAAAAAAAAAAAAAAAAAAAAA
AAAAAAAAAAAAAAAAAAAAAAAAAAAAAAAAAAAAAAAAAAAAAAAAAAAAAAAAAAAAAAAAAAAAAAAAAAAA
AAAAAAAAAAAAAAAAAAAAAAAAAAAAAAAAAAAAAAAAAAAAAAAAAAAAAAAAAAAAAAAAAAAAAAAAAAAA
AAAAAAAAAAAAAAAAAAAAAAAAAAAAAAAAAAAAAAAAAAAAAAAAAAAAAAAAAAAAAAAAAAAAAAAAAAAA
AAAAAAAAAAAAAAAAAAAAAAAAAAAAAAAAAAAAAAAAAAAAAAAAAAAAAAAAAAAAAAAAAAAAAAAAAAAA
AAAAAAAAAAAAAAAAAAAAAAAAAAAAAAAAAAAAAAAAAAAAAAAAAAAAAAAAAAAAAAAAAAAAAAAAAAAA
AAAAAAAAAAAAAAAAAAAAAAAAAAAAAAAAAAAAAAAAAAAAAAAAAAAAAAAAAAAAAAAAAAAAAAAAAAAA
AAAAAAAAAAAAAAAAAAAAAAAAAAAAAAAAAAAAAAAAAAAAAAAAAAAAAAAAAAAAAAAAAAAAAAAAAAAA
AAAAAAAAAAAAAAAAAAAAAAAAAAAAAAAAAAAAAAAAAAAAAAAAAAAAAAAAAAAAAAAAAAAAAAAAAAAA
AAAAAAAAAAAAAAAAAAAAAAAAAAAAAAAAAAAAAAAAAAAAAAAAAAAAAAAAAAAAAAAAAAAAAAAAAAAA
AAAAAAAAAAAAAAAAAAAAAAAAAAAAAAAAAAAAAAAAAAAAAAAAAAAAAAAAAAAAAAAAAAAAAAAAAAAA
AAAAAAAAAAAAAAAAAAAAAAAAAAAAAAAAAAAAAAAAAAAAAAAAAAAAAAAAAAAAAAAAAAAAAAAAAAAA
AAAAAAAAAAAAAAAAAAAAAAAAAAAAAAAAAAAAAAAAAAAAAAAAAAAAAAAAAAAAAAAAAAAAAAAAAAAA
AAAAAAAAAAAAAAAAAAAAAAAAAAAAAAAAAAAAAAAAAAAAAAAAAAAAAAAAAAAAAAAAAAAAAAAAAAAA
AAAAAAAAAAAAAAAAAAAAAAAAAAAAAAAAAAAAAAAAAAAAAAAAAAAAAAAAAAAAAAAAAAAAAAAAAAAA
AAAAAAAAAAAAAAAAAAAAAAAAAAAAAAAAAAAAAAAAAAAAAAAAAAAAAAAAAAAAAAAAAAAAAAAAAAAA
AAAAAAAAAAAAAAAAAAAAAAAAAAAAAAAAAAAAAAAAAAAAAAAAAAAAAAAAAAAAAAAAAAAAAAAAAAAA
AAAAAAAAAAAAAAAAAAAAAAAAAAAAAAAAAAAAAAAAAAAAAAAAAAAAAAAAAAAAAAAAAAAAAAAAAAAA
AAAAAAAAAAAAAAAAAAAAAAAAAAAAAAAAAAAAAAAAAAAAAAAAAAAAAAAAAAAAAAAAAAAAAAAAAAAA
AAAAAAAAAAAAAAAAAAAAAAAAAAAAAAAAAAAAAAAAAAAAAAAAAAAAAAAAAAAAAAAAAAAAAAAAAAAA
AAAAAAAAAAAAAAAAAAAAAAAAAAAAAAAAAAAAAAAAAAAAAAAAAAAAAAAAAAAAAAAAAAAAAAAAAAAA
AAAAAAAAAAAAAAAAAAAAAAAAAAAAAAAAAAAAAAAAAAAAAAAAAAAAAAAAAAAAAAAAAAAAAAAAAAAA
AAAAAAAAAAAAAAAAAAAAAAAAAAAAAAAAAAAAAAAAAAAAAAAAAAAAAAAAAAAAAAAAAAAAAAAAAAAA
AAAAAAAAAAAAAAAAAAAAAAAAAAAAAAAAAAAAAAAAAAAAAAAAAAAAAAAAAAAAAAAAAAAAAAAAAAAA
AAAAAAAAAAAAAAAAAAAAAAAAAAAAAAAAAAAAAAAAAAAAAAAAAAAAAAAAAAAAAAAAAAAAAAAAAAAA
AAAAAAAAAAAAAAAAAAAAAAAAAAAAAAAAAAAAAAAAAAAAAAAAAAAAAAAAAAAAAAAAAAAAAAAAAAAA
AAAAAAAAAAAAAAAAAAAAAAAAAAAAAAAAAAAAAAAAAAAAAAAAAAAAAAAAAAAAAAAAAAAAAAAAAAAA
AAAAAAAAAAAAAAAAAAAAAAAAAAAAAAAAAAAAAAAAAAAAAAAAAAAAAAAAAAAAAAAAAAAAAAAAAAAA
AAAAAAAAAAAAAAAAAAAAAAAAAAAAAAAAAAAAAAAAAAAAAAAAAAAAAAAAAAAAAAAAAAAAAAAAAAAA
AAAAAAAAAAAAAAAAAAAAAAAAAAAAAAAAAAAAAAAAAAAAAAAAAAAAAAAAAAAAAAAAAAAAAAAAAAAA
AAAAAAAAAAAAAAAAAAAAAAAAAAAAAAAAAAAAAAAAAAAAAAAAAAAAAAAAAAAAAAAAAAAAAAAAAAAA
AAAAAAAAAAAAAAAAAAAAAAAAAAAAAAAAAAAAAAAAAAAAAAAAAAAAAAAAAAAAAAAAAAAAAAAAAAAA
AAAAAAAAAAAAAAAAAAAAAAAAAAAAAAAAAAAAAAAAAAAAAAAAAAAAAAAAAAAAAAAAAAAAAAAAAAAA
AAAAAAAAAAAAAAAAAAAAAAAAAAAAAAAAAAAAAAAAAAAAAAAAAAAAAAAAAAAAAAAAAAAAAAAAAAAA
AAAAAAAAAAAAAAAAAAAAAAAAAAAAAAAAAAAAAAAAAAAAAAAAAAAAAAAAAAAAAAAAAAAAAAAAAAAA
AAAAAAAAAAAAAAAAAAAAAAAAAAAAAAAAAAAAAAAAAAAAAAAAAAAAAAAAAAAAAAAAAAAAAAAAAAAA
AAAAAAAAAAAAAAAAAAAAAAAAAAAAAAAAAAAAAAAAAAAAAAAAAAAAAAAAAAAAAAAAAAAAAAAAAAAA
AAAAAAAAAAAAAAAAAAAAAAAAAAAAAAAAAAAAAAAAAAAAAAAAAAAAAAAAAAAAAAAAAAAAAAAAAAAA
AAAAAAAAAAAAAAAAAAAAAAAAAAAAAAAAAAAAAAAAAAAAAAAAAAAAAAAAAAAAAAAAAAAAAAAAAAAA
AAAAAAAAAAAAAAAAAAAAAAAAAAAAAAAAAAAAAAAAAAAAAAAAAAAAAAAAAAAAAAAAAAAAAAAAAAAA
AAAAAAAAAAAAAAAAAAAAAAAAAAAAAAAAAAAAAAAAAAAAAAAAAAAAAAAAAAAAAAAAAAAAAAAAAAAA
AAAAAAAAAAAAAAAAAAAAAAAAAAAAAAAAAAAAAAAAAAAAAAAAAAAAAAAAAAAAAAAAAAAAAAAAAAAA
AAAAAAAAAAAAAAAAAAAAAAAAAAAAAAAAAAAAAAAAAAAAAAAAAAAAAAAAAAAAAAAAAAAAAAAAAAAA
AAAAAAAAAAAAAAAAAAAAAAAAAAAAAAAAAAAAAAAAAAAAAAAAAAAAAAAAAAAAAAAAAAAAAAAAAAAA
AAAAAAAAAAAAAAAAAAAAAAAAAAAAAAAAAAAAAAAAAAAAAAAAAAAAAAAAAAAAAAAAAAAAAAAAAAAA
AAAAAAAAAAAAAAAAAAAAAAAAAAAAAAAAAAAAAAAAAAAAAAAAAAAAAAAAAAAAAAAAAAAAAAAAAAAA
AAAAAAAAAAAAAAAAAAAAAAAAAAAAAAAAAAAAAAAAAAAAAAAAAAAAAAAAAAAAAAAAAAAAAAAAAAAA
AAAAAAAAAAAAAAAAAAAAAAAAAAAAAAAAAAAAAAAAAAAAAAAAAAAAAAAAAAAAAAAAAAAAAAAAAAAA
AAAAAAAAAAAAAAAAAAAAAAAAAAAAAAAAAAAAAAAAAAAAAAAAAAAAAAAAAAAAAAAAAAAAAAAAAAAA
AAAAAAAAAAAAAAAAAAAAAAAAAAAAAAAAAAAAAAAAAAAAAAAAAAAAAAAAAAAAAAAAAAAAAAAAAAAA
AAAAAAAAAAAAAAAAAAAAAAAAAAAAAAAAAAAAAAAAAAAAAAAAAAAAAAAAAAAAAAAAAAAAAAAAAAAA
AAAAAAAAAAAAAAAAAAAAAAAAAAAAAAAAAAAAAAAAAAAAAAAAAAAAAAAAAAAAAAAAAAAAAAAAAAAA
AAAAAAAAAAAAAAAAAAAAAAAAAAAAAAAAAAAAAAAAAAAAAAAAAAAAAAAAAAAAAAAAAAAAAAAAAAAA
AAAAAAAAAAAAAAAAAAAAAAAAAAAAAAAAAAAAAAAAAAAAAAAAAAAAAAAAAAAAAAAAAAAAAAAAAAAA
AAAAAAAAAAAAAAAAAAAAAAAAAAAAAAAAAAAAAAAAAAAAAAAAAAAAAAAAAAAAAAAAAAAAAAAAAAAA
AAAAAAAAAAAAAAAAAAAAAAAAAAAAAAAAAAAAAAAAAAAAAAAAAAAAAAAAAAAAAAAAAAAAAAAAAAAA
AAAAAAAAAAAAAAAAAAAAAAAAAAAAAAAAAAAAAAAAAAAAAAAAAAAAAAAAAAAAAAAAAAAAAAAAAAAA
AAAAAAAAAAAAAAAAAAAAAAAAAAAAAAAAAAAAAAAAAAAAAAAAAAAAAAAAAAAAAAAAAAAAAAAAAAAA
AAAAAAAAAAAAAAAAAAAAAAAAAAAAAAAAAAAAAAAAAAAAAAAAAAAAAAAAAAAAAAAAAAAAAAAAAAAA
AAAAAAAAAAAAAAAAAAAAAAAAAAAAAAAAAAAAAAAAAAAAAAAAAAAAAAAAAAAAAAAAAAAAAAAAAAAA
AAAAAAAAAAAAAAAAAAAAAAAAAAAAAAAAAAAAAAAAAAAAAAAAAAAAAAAAAAAAAAAAAAAAAAAAAAAA
AAAAAAAAAAAAAAAAAAAAAAAAAAAAAAAAAAAAAAAAAAAAAAAAAAAAAAAAAAAAAAAAAAAAAAAAAAAA
AAAAAAAAAAAAAAAAAAAAAAAAAAAAAAAAAAAAAAAAAAAAAAAAAAAAAAAAAAAAAAAAAAAAAAAAAAAA
AAAAAAAAAAAAAAAAAAAAAAAAAAAAAAAAAAAAAAAAAAAAAAAAAAAAAAAAAAAAAAAAAAAAAAAAAAAA
AAAAAAAAAAAAAAAAAAAAAAAAAAAAAAAAAAAAAAAAAAAAAAAAAAAAAAAAAAAAAAAAAAAAAAAAAAAA
AAAAAAAAAAAAAAAAAAAAAAAAAAAAAAAAAAAAAAAAAAAAAAAAAAAAAAAAAAAAAAAAAAAAAAAAAAAA
AAAAAAAAAAAAAAAAAAAAAAAAAAAAAAAAAAAAAAAAAAAAAAAAAAAAAAAAAAAAAAAAAAAAAAAAAAAA
AAAAAAAAAAAAAAAAAAAAAAAAAAAAAAAAAAAAAAAAAAAAAAAAAAAAAAAAAAAAAAAAAAAAAAAAAAAA
AAAAAAAAAAAAAAAAAAAAAAAAAAAAAAAAAAAAAAAAAAAAAAAAAAAAAAAAAAAAAAAAAAAAAAAAAAAA
AAAAAAAAAAAAAAAAAAAAAAAAAAAAAAAAAAAAAAAAAAAAAAAAAAAAAAAAAAAAAAAAAAAAAAAAAAAA
AAAAAAAAAAAAAAAAAAAAAAAAAAAAAAAAAAAAAAAAAAAAAAAAAAAAAAAAAAAAAAAAAAAAAAAAAAAA
AAAAAAAAAAAAAAAAAAAAAAAAAAAAAAAAAAAAAAAAAAAAAAAAAAAAAAAAAAAAAAAAAAAAAAAAAAAA
AAAAAAAAAAAAAAAAAAAAAAAAAAAAAAAAAAAAAAAAAAAAAAAAAAAAAAAAAAAAAAAAAAAAAAAAAAAA
AAAAAAAAAAAAAAAAAAAAAAAAAAAAAAAAAAAAAAAAAAAAAAAAAAAAAAAAAAAAAAAAAAAAAAAAAAAA
AAAAAAAAAAAAAAAAAAAAAAAAAAAAAAAAAAAAAAAAAAAAAAAAAAAAAAAAAAAAAAAAAAAAAAAAAAAA
AAAAAAAAAAAAAAAAAAAAAAAAAAAAAAAAAAAAAAAAAAAAAAAAAAAAAAAAAAAAAAAAAAAAAAAAAAAA
AAAAAAAAAAAAAAAAAAAAAAAAAAAAAAAAAAAAAAAAAAAAAAAAAAAAAAAAAAAAAAAAAAAAAAAAAAAA
AAAAAAAAAAAAAAAAAAAAAAAAAAAAAAAAAAAAAAAAAAAAAAAAAAAAAAAAAAAAAAAAAAAAAAAAAAAA
AAAAAAAAAAAAAAAAAAAAAAAAAAAAAAAAAAAAAAAAAAAAAAAAAAAAAAAAAAAAAAAAAAAAAAAAAAAA
AAAAAAAAAAAAAAAAAAAAAAAAAAAAAAAAAAAAAAAAAAAAAAAAAAAAAAAAAAAAAAAAAAAAAAAAAAAA
AAAAAAAAAAAAAAAAAAAAAAAAAAAAAAAAAAAAAAAAAAAAAAAAAAAAAAAAAAAAAAAAAAAAAAAAAAAA
AAAAAAAAAAAAAAAAAAAAAAAAAAAAAAAAAAAAAAAAAAAAAAAAAAAAAAAAAAAAAAAAAAAAAAAAAAAA
AAAAAAAAAAAAAAAAAAAAAAAAAAAAAAAAAAAAAAAAAAAAAAAAAAAAAAAAAAAAAAAAAAAAAAAAAAAA
AAAAAAAAAAAAAAAAAAAAAAAAAAAAAAAAAAAAAAAAAAAAAAAAAAAAAAAAAAAAAAAAAAAAAAAAAAAA
AAAAAAAAAAAAAAAAAAAAAAAAAAAAAAAAAAAAAAAAAAAAAAAAAAAAAAAAAAAAAAAAAAAAAAAAAAAA
AAAAAAAAAAAAAAAAAAAAAAAAAAAAAAAAAAAAAAAAAAAAAAAAAAAAAAAAAAAAAAAAAAAAAAAAAAAA
AAAAAAAAAAAAAAAAAAAAAAAAAAAAAAAAAAAAAAAAAAAAAAAAAAAAAAAAAAAAAAAAAAAAAAAAAAAA
AAAAAAAAAAAAAAAAAAAAAAAAAAAAAAAAAAAAAAAAAAAAAAAAAAAAAAAAAAAAAAAAAAAAAAAAAAAA
AAAAAAAAAAAAAAAAAAAAAAAAAAAAAAAAAAAAAAAAAAAAAAAAAAAAAAAAAAAAAAAAAAAAAAAAAAAA
AAAAAAAAAAAAAAAAAAAAAAAAAAAAAAAAAAAAAAAAAAAAAAAAAAAAAAAAAAAAAAAAAAAAAAAAAAAA
AAAAAAAAAAAAAAAAAAAAAAAAAAAAAAAAAAAAAAAAAAAAAAAAAAAAAAAAAAAAAAAAAAAAAAAAAAAA
AAAAAAAAAAAAAAAAAAAAAAAAAAAAAAAAAAAAAAAAAAAAAAAAAAAAAAAAAAAAAAAAAAAAAAAAAAAA
AAAAAAAAAAAAAAAAAAAAAAAAAAAAAAAAAAAAAAAAAAAAAAAAAAAAAAAAAAAAAAAAAAAAAAAAAAAA
AAAAAAAAAAAAAAAAAAAAAAAAAAAAAAAAAAAAAAAAAAAAAAAAAAAAAAAAAAAAAAAAAAAAAAAAAAAA
AAAAAAAAAAAAAAAAAAAAAAAAAAAAAAAAAAAAAAAAAAAAAAAAAAAAAAAAAAAAAAAAAAAAAAAAAAAA
AAAAAAAAAAAAAAAAAAAAAAAAAAAAAAAAAAAAAAAAAAAAAAAAAAAAAAAAAAAAAAAAAAAAAAAAAAAA
AAAAAAAAAAAAAAAAAAAAAAAAAAAAAAAAAAAAAAAAAAAAAAAAAAAAAAAAAAAAAAAAAAAAAAAAAAAA
AAAAAAAAAAAAAAAAAAAAAAAAAAAAAAAAAAAAAAAAAAAAAAAAAAAAAAAAAAAAAAAAAAAAAAAAAAAA
AAAAAAAAAAAAAAAAAAAAAAAAAAAAAAAAAAAAAAAAAAAAAAAAAAAAAAAAAAAAAAAAAAAAAAAAAAAA
AAAAAAAAAAAAAAAAAAAAAAAAAAAAAAAAAAAAAAAAAAAAAAAAAAAAAAAAAAAAAAAAAAAAAAAAAAAA
AAAAAAAAAAAAAAAAAAAAAAAAAAAAAAAAAAAAAAAAAAAAAAAAAAAAAAAAAAAAAAAAAAAAAAAAAAAA
AAAAAAAAAAAAAAAAAAAAAAAAAAAAAAAAAAAAAAAAAAAAAAAAAAAAAAAAAAAAAAAAAAAAAAAAAAAA
AAAAAAAAAAAAAAAAAAAAAAAAAAAAAAAAAAAAAAAAAAAAAAAAAAAAAAAAAAAAAAAAAAAAAAAAAAAA
AAAAAAAAAAAAAAAAAAAAAAAAAAAAAAAAAAAAAAAAAAAAAAAAAAAAAAAAAAAAAAAAAAAAAAAAAAAA
AAAAAAAAAAAAAAAAAAAAAAAAAAAAAAAAAAAAAAAAAAAAAAAAAAAAAAAAAAAAAAAAAAAAAAAAAAAA
AAAAAAAAAAAAAAAAAAAAAAAAAAAAAAAAAAAAAAAAAAAAAAAAAAAAAAAAAAAAAAAAAAAAAAAAAAAA
AAAAAAAAAAAAAAAAAAAAAAAAAAAAAAAAAAAAAAAAAAAAAAAAAAAAAAAAAAAAAAAAAAAAAAAAAAAA
AAAAAAAAAAAAAAAAAAAAAAAAAAAAAAAAAAAAAAAAAAAAAAAAAAAAAAAAAAAAAAAAAAAAAAAAAAAA
AAAAAAAAAAAAAAAAAAAAAAAAAAAAAAAAAAAAAAAAAAAAAAAAAAAAAAAAAAAAAAAAAAAAAAAAAAAA
AAAAAAAAAAAAAAAAAAAAAAAAAAAAAAAAAAAAAAAAAAAAAAAAAAAAAAAAAAAAAAAAAAAAAAAAAAAA
AAAAAAAAAAAAAAAAAAAAAAAAAAAAAAAAAAAAAAAAAAAAAAAAAAAAAAAAAAAAAAAAAAAAAAAAAAAA
AAAAAAAAAAAAAAAAAAAAAAAAAAAAAAAAAAAAAAAAAAAAAAAAAAAAAAAAAAAAAAAAAAAAAAAAAAAA
AAAAAAAAAAAAAAAAAAAAAAAAAAAAAAAAAAAAAAAAAAAAAAAAAAAAAAAAAAAAAAAAAAAAAAAAAAAA
AAAAAAAAAAAAAAAAAAAAAAAAAAAAAAAAAAAAAAAAAAAAAAAAAAAAAAAAAAAAAAAAAAAAAAAAAAAA
AAAAAAAAAAAAAAAAAAAAAAAAAAAAAAAAAAAAAAAAAAAAAAAAAAAAAAAAAAAAAAAAAAAAAAAAAAAA
AAAAAAAAAAAAAAAAAAAAAAAAAAAAAAAAAAAAAAAAAAAAAAAAAAAAAAAAAAAAAAAAAAAAAAAAAAAA
AAAAAAAAAAAAAAAAAAAAAAAAAAAAAAAAAAAAAAAAAAAAAAAAAAAAAAAAAAAAAAAAAAAAAAAAAAAA
AAAAAAAAAAAAAAAAAAAAAAAAAAAAAAAAAAAAAAAAAAAAAAAAAAAAAAAAAAAAAAAAAAAAAAAAAAAA
AAAAAAAAAAAAAAAAAAAAAAAAAAAAAAAAAAAAAAAAAAAAAAAAAAAAAAAAAAAAAAAAAAAAAAAAAAAA
AAAAAAAAAAAAAAAAAAAAAAAAAAAAAAAAAAAAAAAAAAAAAAAAAAAAAAAAAAAAAAAAAAAAAAAAAAAA
AAAAAAAAAAAAAAAAAAAAAAAAAAAAAAAAAAAAAAAAAAAAAAAAAAAAAAAAAAAAAAAAAAAAAAAAAAAA
AAAAAAAAAAAAAAAAAAAAAAAAAAAAAAAAAAAAAAAAAAAAAAAAAAAAAAAAAAAAAAAAAAAAAAAAAAAA
AAAAAAAAAAAAAAAAAAAAAAAAAAAAAAAAAAAAAAAAAAAAAAAAAAAAAAAAAAAAAAAAAAAAAAAAAAAA
AAAAAAAAAAAAAAAAAAAAAAAAAAAAAAAAAAAAAAAAAAAAAAAAAAAAAAAAAAAAAAAAAAAAAAAAAAAA
AAAAAAAAAAAAAAAAAAAAAAAAAAAAAAAAAAAAAAAAAAAAAAAAAAAAAAAAAAAAAAAAAAAAAAAAAAAA
AAAAAAAAAAAAAAAAAAAAAAAAAAAAAAAAAAAAAAAAAAAAAAAAAAAAAAAAAAAAAAAAAAAAAAAAAAAA
AAAAAAAAAAAAAAAAAAAAAAAAAAAAAAAAAAAAAAAAAAAAAAAAAAAAAAAAAAAAAAAAAAAAAAAAAAAA
AAAAAAAAAAAAAAAAAAAAAAAAAAAAAAAAAAAAAAAAAAAAAAAAAAAAAAAAAAAAAAAAAAAAAAAAAAAA
AAAAAAAAAAAAAAAAAAAAAAAAAAAAAAAAAAAAAAAAAAAAAAAAAAAAAAAAAAAAAAAAAAAAAAAAAAAA
AAAAAAAAAAAAAAAAAAAAAAAAAAAAAAAAAAAAAAAAAAAAAAAAAAAAAAAAAAAAAAAAAAAAAAAAAAAA
AAAAAAAAAAAAAAAAAAAAAAAAAAAAAAAAAAAAAAAAAAAAAAAAAAAAAAAAAAAAAAAAAAAAAAAAAAAA
AAAAAAAAAAAAAAAAAAAAAAAAAAAAAAAAAAAAAAAAAAAAAAAAAAAAAAAAAAAAAAAAAAAAAAAAAAAA
AAAAAAAAAAAAAAAAAAAAAAAAAAAAAAAAAAAAAAAAAAAAAAAAAAAAAAAAAAAAAAAAAAAAAAAAAAAA
AAAAAAAAAAAAAAAAAAAAAAAAAAAAAAAAAAAAAAAAAAAAAAAAAAAAAAAAAAAAAAAAAAAAAAAAAAAA
AAAAAAAAAAAAAAAAAAAAAAAAAAAAAAAAAAAAAAAAAAAAAAAAAAAAAAAAAAAAAAAAAAAAAAAAAAAA
AAAAAAAAAAAAAAAAAAAAAAAAAAAAAAAAAAAAAAAAAAAAAAAAAAAAAAAAAAAAAAAAAAAAAAAAAAAA
AAAAAAAAAAAAAAAAAAAAAAAAAAAAAAAAAAAAAAAAAAAAAAAAAAAAAAAAAAAAAAAAAAAAAAAAAAAA
AAAAAAAAAAAAAAAAAAAAAAAAAAAAAAAAAAAAAAAAAAAAAAAAAAAAAAAAAAAAAAAAAAAAAAAAAAAA
AAAAAAAAAAAAAAAAAAAAAAAAAAAAAAAAAAAAAAAAAAAAAAAAAAAAAAAAAAAAAAAAAAAAAAAAAAAA
AAAAAAAAAAAAAAAAAAAAAAAAAAAAAAAAAAAAAAAAAAAAAAAAAAAAAAAAAAAAAAAAAAAAAAAAAAAA
AAAAAAAAAAAAAAAAAAAAAAAAAAAAAAAAAAAAAAAAAAAAAAAAAAAAAAAAAAAAAAAAAAAAAAAAAAAA
AAAAAAAAAAAAAAAAAAAAAAAAAAAAAAAAAAAAAAAAAAAAAAAAAAAAAAAAAAAAAAAAAAAAAAAAAAAA
AAAAAAAAAAAAAAAAAAAAAAAAAAAAAAAAAAAAAAAAAAAAAAAAAAAAAAAAAAAAAAAAAAAAAAAAAAAA
AAAAAAAAAAAAAAAAAAAAAAAAAAAAAAAAAAAAAAAAAAAAAAAAAAAAAAAAAAAAAAAAAAAAAAAAAAAA
AAAAAAAAAAAAAAAAAAAAAAAAAAAAAAAAAAAAAAAAAAAAAAAAAAAAAAAAAAAAAAAAAAAAAAAAAAAA
AAAAAAAAAAAAAAAAAAAAAAAAAAAAAAAAAAAAAAAAAAAAAAAAAAAAAAAAAAAAAAAAAAAAAAAAAAAA
AAAAAAAAAAAAAAAAAAAAAAAAAAAAAAAAAAAAAAAAAAAAAAAAAAAAAAAAAAAAAAAAAAAAAAAAAAAA
AAAAAAAAAAAAAAAAAAAAAAAAAAAAAAAAAAAAAAAAAAAAAAAAAAAAAAAAAAAAAAAAAAAAAAAAAAAA
AAAAAAAAAAAAAAAAAAAAAAAAAAAAAAAAAAAAAAAAAAAAAAAAAAAAAAAAAAAAAAAAAAAAAAAAAAAA
AAAAAAAAAAAAAAAAAAAAAAAAAAAAAAAAAAAAAAAAAAAAAAAAAAAAAAAAAAAAAAAAAAAAAAAAAAAA
AAAAAAAAAAAAAAAAAAAAAAAAAAAAAAAAAAAAAAAAAAAAAAAAAAAAAAAAAAAAAAAAAAAAAAAAAAAA
AAAAAAAAAAAAAAAAAAAAAAAAAAAAAAAAAAAAAAAAAAAAAAAAAAAAAAAAAAAAAAAAAAAAAAAAAAAA
AAAAAAAAAAAAAAAAAAAAAAAAAAAAAAAAAAAAAAAAAAAAAAAAAAAAAAAAAAAAAAAAAAAAAAAAAAAA
AAAAAAAAAAAAAAAAAAAAAAAAAAAAAAAAAAAAAAAAAAAAAAAAAAAAAAAAAAAAAAAAAAAAAAAAAAAA
AAAAAAAAAAAAAAAAAAAAAAAAAAAAAAAAAAAAAAAAAAAAAAAAAAAAAAAAAAAAAAAAAAAAAAAAAAAA
AAAAAAAAAAAAAAAAAAAAAAAAAAAAAAAAAAAAAAAAAAAAAAAAAAAAAAAAAAAAAAAAAAAAAAAAAAAA
AAAAAAAAAAAAAAAAAAAAAAAAAAAAAAAAAAAAAAAAAAAAAAAAAAAAAAAAAAAAAAAAAAAAAAAAAAAA
AAAAAAAAAAAAAAAAAAAAAAAAAAAAAAAAAAAAAAAAAAAAAAAAAAAAAAAAAAAAAAAAAAAAAAAAAAAA
AAAAAAAAAAAAAAAAAAAAAAAAAAAAAAAAAAAAAAAAAAAAAAAAAAAAAAAAAAAAAAAAAAAAAAAAAAAA
AAAAAAAAAAAAAAAAAAAAAAAAAAAAAAAAAAAAAAAAAAAAAAAAAAAAAAAAAAAAAAAAAAAAAAAAAAAA
AAAAAAAAAAAAAAAAAAAAAAAAAAAAAAAAAAAAAAAAAAAAAAAAAAAAAAAAAAAAAAAAAAAAAAAAAAAA
AAAAAAAAAAAAAAAAAAAAAAAAAAAAAAAAAAAAAAAAAAAAAAAAAAAAAAAAAAAAAAAAAAAAAAAAAAAA
AAAAAAAAAAAAAAAAAAAAAAAAAAAAAAAAAAAAAAAAAAAAAAAAAAAAAAAAAAAAAAAAAAAAAAAAAAAA
AAAAAAAAAAAAAAAAAAAAAAAAAAAAAAAAAAAAAAAAAAAAAAAAAAAAAAAAAAAAAAAAAAAAAAAAAAAA
AAAAAAAAAAAAAAAAAAAAAAAAAAAAAAAAAAAAAAAAAAAAAAAAAAAAAAAAAAAAAAAAAAAAAAAAAAAA
AAAAAAAAAAAAAAAAAAAAAAAAAAAAAAAAAAAAAAAAAAAAAAAAAAAAAAAAAAAAAAAAAAAAAAAAAAAA
AAAAAAAAAAAAAAAAAAAAAAAAAAAAAAAAAAAAAAAAAAAAAAAAAAAAAAAAAAAAAAAAAAAAAAAAAAAA
AAAAAAAAAAAAAAAAAAAAAAAAAAAAAAAAAAAAAAAAAAAAAAAAAAAAAAAAAAAAAAAAAAAAAAAAAAAA
AAAAAAAAAAAAAAAAAAAAAAAAAAAAAAAAAAAAAAAAAAAAAAAAAAAAAAAAAAAAAAAAAAAAAAAAAAAA
AAAAAAAAAAAAAAAAAAAAAAAAAAAAAAAAAAAAAAAAAAAAAAAAAAAAAAAAAAAAAAAAAAAAAAAAAAAA
AAAAAAAAAAAAAAAAAAAAAAAAAAAAAAAAAAAAAAAAAAAAAAAAAAAAAAAAAAAAAAAAAAAAAAAAAAAA
AAAAAAAAAAAAAAAAAAAAAAAAAAAAAAAAAAAAAAAAAAAAAAAAAAAAAAAAAAAAAAAAAAAAAAAAAAAA
AAAAAAAAAAAAAAAAAAAAAAAAAAAAAAAAAAAAAAAAAAAAAAAAAAAAAAAAAAAAAAAAAAAAAAAAAAAA
AAAAAAAAAAAAAAAAAAAAAAAAAAAAAAAAAAAAAAAAAAAAAAAAAAAAAAAAAAAAAAAAAAAAAAAAAAAA
AAAAAAAAAAAAAAAAAAAAAAAAAAAAAAAAAAAAAAAAAAAAAAAAAAAAAAAAAAAAAAAAAAAAAAAAAAAA
AAAAAAAAAAAAAAAAAAAAAAAAAAAAAAAAAAAAAAAAAAAAAAAAAAAAAAAAAAAAAAAAAAAAAAAAAAAA
AAAAAAAAAAAAAAAAAAAAAAAAAAAAAAAAAAAAAAAAAAAAAAAAAAAAAAAAAAAAAAAAAAAAAAAAAAAA
AAAAAAAAAAAAAAAAAAAAAAAAAAAAAAAAAAAAAAAAAAAAAAAAAAAAAAAAAAAAAAAAAAAAAAAAAAAA
AAAAAAAAAAAAAAAAAAAAAAAAAAAAAAAAAAAAAAAAAAAAAAAAAAAAAAAAAAAAAAAAAAAAAAAAAAAA
AAAAAAAAAAAAAAAAAAAAAAAAAAAAAAAAAAAAAAAAAAAAAAAAAAAAAAAAAAAAAAAAAAAAAAAAAAAA
AAAAAAAAAAAAAAAAAAAAAAAAAAAAAAAAAAAAAAAAAAAAAAAAAAAAAAAAAAAAAAAAAAAAAAAAAAAA
AAAAAAAAAAAAAAAAAAAAAAAAAAAAAAAAAAAA
VELAFIT_CAMERA_PPM_BASE64_END
nsh> [